algorithm,population_size,eta_c,eta_m,crossover_prob,hv_median,hv_mean,hv_std,hv_min,hv_max,elapsed_mean_s,hv_norm,hv_norm_std
NSGAII,100,29.858387684052293,21.608877759301365,0.9327155113866201,5945990.161819271,5926065.866845167,55002.42588772209,5850987.153626804,5981220.285089428,65.16224431991577,106.27141846946529,0.9830466683048525
NSGAII,100,28.788522579068726,18.971272456436683,0.9908611332363597,5896290.4439797085,5873256.486309883,71673.07317458397,5776254.8788977675,5947224.1360521745,69.5953889687856,105.38314597512829,1.2809976042742623
NSGAII,100,22.91476000113029,15.571845867814366,0.9597366330149193,5882711.478839713,5942114.1626976095,132243.53802246304,5818238.094549726,6125392.914703388,68.85763120651245,105.14045201709907,2.3635606495466948
NSGAII,100,9.585112746335845,12.606056073988443,0.8574269294896714,5871470.090049534,5832631.282306746,74999.8842011287,5727735.950800063,5898687.806070641,65.43713196118672,104.93953706436837,1.3404569907093375
NSGAII,100,22.70181444490114,5.514612357395061,0.9909729556485982,5868216.9195071,5908096.904858205,67185.19899809937,5853351.112253571,6002722.682813943,78.19164196650188,104.8813938386551,1.2007867829193921
NSGAII,100,15.798625466052894,12.280728504951048,0.8835558684167139,5864203.716530019,5857314.891689315,115904.15539097719,5712042.879964107,5995698.078573822,66.39315334955852,104.809666714766,2.0715303363596203
NSGAII,100,25.811066020010543,10.308477766956905,0.7545474901621302,5852757.424929409,5826458.375147644,136736.22123669228,5647397.846153458,5979219.854360066,64.22436594963074,104.60508957765217,2.443857421811117
NSGAII,100,27.157569870238085,15.467226604791527,0.9948485365202241,5832230.567849211,5807072.678337474,56352.29298461249,5729005.705412926,5859981.761750286,70.28553779919942,104.23821742360117,1.0071725560422635
NSGAII,100,11.115027304204851,17.004996430731133,0.8160069983881105,5810975.159308511,5712033.875211374,142648.23929827142,5510310.985270524,5814815.4810550865,64.76335191726685,103.85832402413462,2.5495216641530325
NSGAII,100,8.487346516301045,12.303616213380455,0.8099085529881075,5808288.447647454,5744376.516681495,90877.41290395313,5615857.074281385,5808984.028115647,64.06664737065633,103.81030499761951,1.624232686786597
NSGAII,100,16.4017496054259,24.62939903482534,0.7599021346475079,5772046.075311167,5772805.732153587,41633.772580970544,5722199.0553003885,5824172.0658492055,61.8836403687795,103.16255277939229,0.7441115689739268
NSGAII,100,28.30725854779468,18.339246737351736,0.9722994385847553,5769973.3069379525,5731576.8961166395,64549.81490289639,5640654.882712903,5784102.49869906,69.2124973932902,103.1255066307803,1.1536851230802176
NSGAII,100,24.65186927157314,21.204253136592087,0.9423677922942796,5760698.002784983,5736841.878360261,131844.6432760782,5564764.888781937,5885062.7435138635,68.95089332262675,102.95973109092131,2.356431288521085
NSGAII,100,6.452090304204987,26.654403644373378,0.8803345035229626,5714442.989565141,5724087.971672068,28964.25852867326,5694434.048348578,5763386.877102488,70.223397731781,102.13302507015445,0.5176720369508027
NSGAII,100,29.368502070704785,22.609138672054407,0.9432494380644868,5684871.763323877,5671018.558989528,24909.907245230585,5636041.613407305,5692142.300237399,67.65718205769856,101.6045048282745,0.4452094781272743
NSGAII,100,29.980984109518403,24.29160358142346,0.914512158834634,5676748.669321949,5707517.011287198,54162.042747641295,5662153.571934701,5783648.792604948,66.36266430219014,101.4593224955675,0.9680266790476075
NSGAII,100,19.966462104925917,8.900466011060914,0.7467983561008608,5673504.781161912,5767555.74534487,146341.8299310024,5654926.259196948,5974236.1956757475,62.58498787879944,101.40134517190205,2.6155364245383326
NSGAII,100,21.84660372351255,29.185912086634836,0.9135173692954934,5657609.273901743,5660351.661444761,89185.27550466164,5552519.469127803,5770926.241304735,65.03168988227844,101.11724814889033,1.5939894746765861
NSGAII,100,14.363502971184062,28.767857660247905,0.9195981825434215,5641705.091022325,5665245.351710045,96613.08982537211,5560458.518368874,5793572.445738937,69.6780776977539,100.83299606837959,1.7267452214079582
NSGAII,100,17.85586096034029,19.810364221551062,0.7139351238159993,5489438.673792619,5563365.774065055,129300.65639480812,5455487.764211833,5745170.884190711,60.147491137186684,98.11157075419554,2.310963151662015
NSGAII,100,25.928604213140762,20.53728777030809,0.8492076922317024,,,,,,,,
NSGAII,100,25.928604213140762,20.53728777030809,0.8492076922317024,,,,,,,,
SPEA2,100,22.70181444490114,5.514612357395061,0.9909729556485982,5973107.171733647,5886310.690257496,129596.87100749358,5703116.878899606,5982708.020139235,86.57914606730144,106.75607502452584,2.3162573324804767
SPEA2,100,13.044179440006618,9.273428322268748,0.9615462369688978,5932117.604688193,5921412.01248199,115011.21914684965,5775505.264047042,6056613.168710734,84.42664647102356,106.02347720417613,2.0555710766427833
SPEA2,100,22.378506218977,8.925548174791235,0.9424149727858023,5907973.1938432325,5947647.183304689,80470.06576973846,5875111.9519734755,6059856.404097357,84.49343427022298,105.59194928052104,1.4382243833152846
SPEA2,100,22.912950448786862,8.225394536357323,0.9476249203484909,5883188.315876364,5933199.875545184,100263.64448760716,5843299.909076265,6073111.401682923,88.37613860766093,105.14897442411363,1.7919908090389576
SPEA2,100,24.423104160361927,5.152467616967222,0.9948366413241376,5874158.2043991685,5811423.501940697,149380.36025627964,5605356.391478574,5954755.909944351,88.2451384862264,104.98758116083832,2.669843431267536
SPEA2,100,25.720840158939488,5.203406627192466,0.9722994385847553,5862339.991415198,5851207.17216485,100166.87590907713,5723341.335739176,5967940.189340177,86.30638980865479,104.7763567518836,1.7902612848009771
SPEA2,100,25.811066020010543,10.308477766956905,0.7545474901621302,5839832.271168145,5802782.968316562,154245.29810115587,5598091.913240351,5970424.720541187,80.7424927552541,104.37408105144142,2.756793431430771
SPEA2,100,6.452090304204987,26.654403644373378,0.8803345035229626,5820270.822984524,5780398.062118889,69130.45487281708,5683156.106905867,5837767.256466277,84.99401672681172,104.02446344542199,1.2355539277457905
SPEA2,100,29.175420436779532,5.1499295738954345,0.9908611332363597,5808955.522522741,5879020.660042762,122068.06575065912,5777418.400181418,6050688.057424123,87.12734007835388,103.82222748509305,2.181696596211219
SPEA2,100,13.690835762414565,15.321601649471196,0.9676232208289579,5806606.309478108,5793615.977678643,31326.480973527712,5750440.284586924,5823801.338970897,87.83564392725627,103.78024049962119,0.5598915366679502
SPEA2,100,14.363502971184062,28.767857660247905,0.9195981825434215,5779806.258583474,5704996.887195658,129416.57048076953,5522935.222627844,5812249.180375657,85.10354439417522,103.30124888575764,2.313034859485349
SPEA2,100,10.678475291271965,21.275395079289865,0.8369630069952888,5755085.526207087,5668857.38949911,173644.16960864744,5426615.277443293,5824871.364846953,83.47951237360637,102.85942048985613,3.103505339069929
SPEA2,100,9.585112746335845,12.606056073988443,0.8574269294896714,5753833.194527884,5812596.374805464,205650.76934155257,5595303.027265318,6088652.902623191,82.36398967107137,102.83703783191,3.6755524937795707
SPEA2,100,8.487346516301045,12.303616213380455,0.8099085529881075,5751251.063911093,5823952.608157917,142842.9366418538,5697079.5434167385,6023527.217145919,80.17415499687195,102.7908879601726,2.553001448396134
SPEA2,100,21.549524908560308,15.858906793910284,0.9405879418181762,5713062.777679181,5778289.683306135,101020.18699245228,5700827.228870413,5920979.043368812,87.15463209152222,102.10835683645114,1.8055123324411646
SPEA2,100,17.85586096034029,19.810364221551062,0.7139351238159993,5708916.363019683,5695909.9862372205,68698.23897365038,5606026.358417033,5772787.237274943,78.91400567690532,102.03424884847348,1.227829024838207
SPEA2,100,15.798625466052894,12.280728504951048,0.8835558684167139,5690316.277174907,5712364.707885253,31668.419175050913,5689628.98859922,5757148.85788163,83.08597461382548,101.70181346721925,0.5660029254721406
SPEA2,100,19.966462104925917,8.900466011060914,0.7467983561008608,5620646.112120964,5722878.520185483,197330.32401606019,5549116.3432639,5998873.105171587,79.96750330924988,100.45661341411002,3.526842942809314
SPEA2,100,27.567985584995945,17.190441337226964,0.9112643516160585,5600667.923835578,5601017.0643857615,12739.393296714084,5585592.05812783,5616791.21119388,84.36855506896973,100.09954750082093,0.22768846890725034
SPEA2,100,16.4017496054259,24.62939903482534,0.7599021346475079,5522622.262027455,5570003.024904199,140981.8090000063,5425973.09396126,5761413.718723883,81.8976051012675,98.7046539742565,2.5197379095961723
