timestep,demand_kw,effective_demand_kw,battery_soc,battery_charged_kw,curtailed_energy_kw,import_price_eur_kwh,solar_declared_kw,solar_price_eur_kwh,solar_allocated_kw,solar_delivered_kw,solar_shortfall_kw,solar_cost_eur,wind_declared_kw,wind_price_eur_kwh,wind_allocated_kw,wind_delivered_kw,wind_shortfall_kw,wind_cost_eur,grid_purchased_kw,grid_cost_eur,total_cost_eur,renewable_coverage_pct,strategy_as,strategy_ae
0,55.8038,5.8038,0.2368,0.0,0.0,0.18279,1.7536,0.146232,1.7536,1.3489,0.4047,0.197252,10.5726,0.173651,4.0502,4.0502,0.0,0.703321,0.4047,0.073983,0.974557,9.68,honest,honest
1,36.6111,1.1111,0.05,0.0,0.0,0.18319,0.0,0.146552,0.0,0.0,0.0,0.0,9.69,0.17403,1.1111,1.1111,0.0,0.193365,0.0,2e-06,0.193367,3.03,honest,honest
2,36.6616,36.6616,0.05,0.0,0.0,0.18874,0.0,0.160429,0.0,0.0,0.0,0.0,12.1852,0.160429,12.1852,12.1852,0.0,1.954859,24.4764,4.619672,6.574532,33.24,honest,honest
3,36.6904,36.6904,0.05,0.0,0.0,0.18777,0.0,0.159604,0.0,0.0,0.0,0.0,10.661,0.159604,10.661,10.661,0.0,1.701538,26.0294,4.887542,6.58908,29.06,honest,honest
4,37.0661,37.0661,0.05,0.0,0.0,0.18019,0.0,0.153161,0.0,0.0,0.0,0.0,14.0967,0.153161,14.0967,14.0967,0.0,2.159065,22.9694,4.138861,6.297925,38.03,honest,honest
5,56.1383,56.1383,0.05,0.0,0.0,0.1723,0.0,0.146455,0.0,0.0,0.0,0.0,9.1126,0.163685,9.1126,9.1126,0.0,1.491596,47.0257,8.102535,9.594131,16.23,honest,honest
6,96.0308,96.0308,0.05,0.0,0.0,0.17128,2.975,0.145588,2.975,2.975,0.0,0.433124,15.365,0.162716,15.365,15.365,0.0,2.500131,77.6908,13.306885,16.240141,19.1,honest,honest
7,112.0436,112.0436,0.05,0.0,0.0,0.1679,2.6177,0.142715,2.6177,2.6177,0.0,0.373585,20.4556,0.159505,20.4556,20.4556,0.0,3.26277,88.9703,14.938122,18.574477,20.59,honest,honest
8,104.1204,104.1204,0.05,0.0,0.0,0.16598,12.257,0.141083,12.257,12.257,0.0,1.729254,24.2352,0.157681,24.2352,24.2352,0.0,3.821431,67.6282,11.224928,16.775613,35.05,honest,honest
9,85.397,85.397,0.05,0.0,0.0,0.42315,3.2342,0.401993,3.2342,3.2342,0.0,1.300126,16.6383,0.401993,16.6383,16.6383,0.0,6.68848,65.5245,27.726709,35.715315,23.27,honest,honest
10,104.1629,104.1629,0.05,0.0,0.0,0.07495,27.062,0.063708,27.062,27.062,0.0,1.724066,20.7024,0.063708,20.7024,20.7024,0.0,1.318908,56.3985,4.227067,7.270041,45.86,honest,honest
11,106.075,106.075,0.05,0.0,0.0,0.04975,247.9951,0.042287,106.075,106.075,0.0,4.485594,18.8224,0.042287,0.0,0.0,0.0,0.0,0.0,0.0,4.485594,100.0,honest,honest
12,104.2731,104.2731,0.05,0.0,0.0,0.04581,979.9141,0.038938,104.2731,104.2731,0.0,4.060186,20.259,0.038938,0.0,0.0,0.0,0.0,0.0,0.0,4.060186,100.0,honest,honest
13,85.4716,85.4716,0.05,0.0,0.0,0.05157,676.7025,0.043834,85.4716,85.4716,0.0,3.746562,10.4855,0.048991,0.0,0.0,0.0,0.0,0.0,2e-06,3.746564,100.0,honest,honest
14,85.4863,85.4863,0.05,0.0,0.0,0.04173,207.5242,0.035471,85.4863,85.4863,0.0,3.032285,22.6166,0.035471,0.0,0.0,0.0,0.0,0.0,0.0,3.032285,100.0,honest,honest
15,85.4661,85.466,0.05,0.0,0.0,0.02912,120.4543,0.024752,85.466,85.466,0.0,2.115454,16.7127,0.027664,0.0,0.0,0.0,0.0,0.0,0.0,2.115455,100.0,honest,honest
16,109.36,109.36,0.05,0.0,0.0,0.14906,34.8514,0.126701,34.8514,34.8514,0.0,4.415707,18.1501,0.141607,18.1501,18.1501,0.0,2.570181,56.3585,8.400794,15.386682,48.47,honest,honest
17,114.6607,114.6607,0.05,0.0,0.0,0.27286,42.6377,0.259217,42.6377,42.6377,0.0,11.052417,17.2617,0.259217,17.2617,17.2617,0.0,4.474526,54.7613,14.942161,30.469104,52.24,honest,honest
18,114.6677,114.6677,0.05,0.0,0.0,0.19118,5.3852,0.162503,5.3852,5.3852,0.0,0.875111,19.9152,0.181621,19.9152,19.9152,0.0,3.617019,89.3673,17.085233,21.577363,22.06,honest,honest
19,96.2705,96.2705,0.05,0.0,0.0,0.19157,6.1445,0.162834,6.1445,6.1445,0.0,1.000534,19.4768,0.181991,19.4768,19.4768,0.0,3.544602,70.6492,13.53427,18.079406,26.61,honest,honest
20,96.2177,96.2177,0.05,0.0,0.0,0.19405,0.6566,0.164942,0.6566,0.6566,0.0,0.108301,15.6893,0.184347,15.6893,15.6893,0.0,2.892275,79.8718,15.499125,18.499701,16.99,honest,honest
21,96.034,96.034,0.05,0.0,0.0,0.19587,0.01,0.166489,0.01,0.01,0.0,0.001665,17.357,0.186076,17.357,17.357,0.0,3.229721,78.667,15.408498,18.639884,18.08,honest,honest
22,95.7553,95.7553,0.05,0.0,0.0,0.19301,0.0,0.164058,0.0,0.0,0.0,0.0,19.3783,0.183359,19.3783,19.3783,0.0,3.553186,76.377,14.741519,18.294705,20.24,honest,honest
23,97.7678,97.7678,0.05,0.0,0.0,0.18125,0.7995,0.154062,0.7995,0.7995,0.0,0.123173,24.3817,0.172187,24.3817,24.3817,0.0,4.198212,72.5866,13.156314,17.477698,25.76,honest,honest
24,55.856,55.856,0.05,0.0,0.0,0.16849,0.0,0.143216,0.0,0.0,0.0,0.0,14.6734,0.160065,14.6734,14.6734,0.0,2.348698,41.1826,6.938857,9.287554,26.27,honest,honest
25,36.6235,36.6235,0.05,0.0,0.0,0.15603,0.0,0.132626,0.0,0.0,0.0,0.0,19.7901,0.132626,19.7901,19.7901,0.0,2.624682,16.8334,2.626508,5.25119,54.04,honest,honest
26,36.6816,36.6816,0.05,0.0,0.0,0.14168,0.0,0.120428,0.0,0.0,0.0,0.0,15.3997,0.120428,15.3997,15.3997,0.0,1.854555,21.2819,3.015221,4.869776,41.98,honest,honest
27,36.7105,36.7105,0.05,0.0,0.0,0.14258,0.0,0.121193,0.0,0.0,0.0,0.0,11.9491,0.121193,11.9491,11.9491,0.0,1.448147,24.7614,3.530478,4.978625,32.55,honest,honest
28,37.0856,37.0856,0.05,0.0,0.0,0.14257,0.0,0.121185,0.0,0.0,0.0,0.0,10.8319,0.121185,10.8319,10.8319,0.0,1.312664,26.2537,3.742985,5.055649,29.21,honest,honest
29,56.1362,56.1362,0.05,0.0,0.0,0.14071,0.111,0.119604,0.111,0.111,0.0,0.013276,7.3268,0.133675,7.3268,7.3268,0.0,0.97941,48.6984,6.852357,7.845043,13.25,honest,honest
30,96.0506,96.0506,0.05,0.0,0.0,0.16173,0.7482,0.13747,0.7482,0.7482,0.0,0.102855,10.2061,0.153644,10.2061,10.2061,0.0,1.568106,85.0963,13.762619,15.43358,11.4,honest,honest
31,112.099,112.099,0.05,0.0,0.0,0.16818,0.0,0.142953,0.0,0.0,0.0,0.0,9.0701,0.159771,9.0701,9.0701,0.0,1.449139,103.0289,17.327406,18.776545,8.09,honest,honest
32,104.1709,104.1709,0.05,0.0,0.0,0.20194,1.2772,0.191843,1.2772,1.2772,0.0,0.245022,10.8098,0.191843,10.8098,10.8098,0.0,2.073784,92.0839,18.595417,20.914224,11.6,honest,honest
33,85.4568,85.4568,0.05,0.0,0.0,0.20046,4.0534,0.190437,4.0534,4.0534,0.0,0.771917,12.4488,0.190437,12.4488,12.4488,0.0,2.370712,68.9546,13.822635,16.965265,19.31,honest,honest
34,104.1878,104.1878,0.05,0.0,0.0,0.24116,6.4889,0.229102,6.4889,6.4889,0.0,1.48662,10.9829,0.229102,10.9829,10.9829,0.0,2.516204,86.716,20.912438,24.915262,16.77,honest,honest
35,106.1059,106.1059,0.05,0.0,0.0,0.23854,20.7789,0.226613,20.7789,20.7789,0.0,4.708769,10.8487,0.226613,10.8487,10.8487,0.0,2.458456,74.4783,17.766061,24.933286,29.81,honest,honest
36,104.3454,104.3454,0.05,0.0,0.0,0.23588,390.3854,0.224086,104.3454,104.3454,0.0,23.382343,11.7976,0.224086,0.0,0.0,0.0,0.0,0.0,0.0,23.382343,100.0,honest,honest
37,85.5532,85.5532,0.05,0.0,0.0,0.22646,399.8082,0.215137,85.5532,85.5532,0.0,18.405659,12.64,0.215137,0.0,0.0,0.0,0.0,0.0,0.0,18.405659,100.0,honest,honest
38,85.5511,85.5511,0.05,0.0,0.0,0.16745,293.8724,0.142332,85.5511,85.5511,0.0,12.176659,14.65,0.159077,0.0,0.0,0.0,0.0,0.0,0.0,12.176659,100.0,honest,honest
39,85.5133,85.5133,0.05,0.0,0.0,0.1753,47.6564,0.149005,47.6564,47.6564,0.0,7.101042,15.1613,0.166535,15.1613,15.1613,0.0,2.524887,22.6956,3.978538,13.604467,73.46,honest,honest
40,109.3856,109.3856,0.05,0.0,0.0,0.18657,10.1302,0.158585,10.1302,10.1302,0.0,1.606498,17.6053,0.177241,17.6053,17.6053,0.0,3.120381,81.6501,15.233454,19.960332,25.36,honest,honest
41,114.7066,114.7066,0.05,0.0,0.0,0.1997,0.0,0.169745,0.0,0.0,0.0,0.0,20.1389,0.189715,20.1389,20.1389,0.0,3.820651,94.5677,18.885169,22.70582,17.56,honest,honest
42,114.7243,114.7243,0.05,0.0,0.0,0.2744,0.032,0.26068,0.032,0.032,0.0,0.008342,18.869,0.26068,18.869,18.869,0.0,4.918771,95.8233,26.293925,31.221037,16.48,honest,honest
43,96.3229,96.3229,0.05,0.0,0.0,0.27724,3.7803,0.263378,3.7803,3.7803,0.0,0.995648,24.6214,0.263378,24.6214,24.6214,0.0,6.484735,67.9212,18.830462,26.310845,29.49,honest,honest
44,96.2365,96.2365,0.05,0.0,0.0,0.27806,0.9262,0.264157,0.9262,0.9262,0.0,0.244662,27.0687,0.264157,27.0687,27.0687,0.0,7.150387,68.2416,18.975267,26.370316,29.09,honest,honest
45,96.0319,96.0319,0.05,0.0,0.0,0.27491,0.1117,0.261164,0.1117,0.1117,0.0,0.029172,30.005,0.261164,30.005,30.005,0.0,7.836226,65.9152,18.120744,25.986142,31.36,honest,honest
46,95.7418,95.7418,0.05,0.0,0.0,0.2038,1.5706,0.19361,1.5706,1.5706,0.0,0.304084,34.7036,0.19361,34.7036,34.7036,0.0,6.718964,59.4676,12.119504,19.142552,37.89,honest,honest
47,97.7508,97.7508,0.05,0.0,0.0,0.19099,0.2668,0.162341,0.2668,0.2668,0.0,0.043313,42.9296,0.18144,42.9296,42.9296,0.0,7.789147,54.5544,10.419349,18.251809,44.19,honest,honest
48,55.8448,55.8448,0.05,0.0,0.0,0.15455,0.0,0.131367,0.0,0.0,0.0,0.0,44.1224,0.146822,44.1224,44.1224,0.0,6.478139,11.7224,1.811694,8.289833,79.01,honest,honest
49,36.6055,36.6055,0.05,0.0,0.0,0.14134,0.0,0.120139,0.0,0.0,0.0,0.0,65.5087,0.120139,36.6055,36.6055,0.0,4.397748,0.0,0.0,4.397748,100.0,honest,honest
50,36.6541,36.654,0.05,0.0,0.0,0.13485,0.0,0.114622,0.0,0.0,0.0,0.0,75.1987,0.114622,36.654,36.654,0.0,4.201355,0.0,5e-06,4.20136,100.0,honest,honest
51,36.6774,36.6774,0.05,0.0,0.0,0.13154,0.0,0.111809,0.0,0.0,0.0,0.0,79.8005,0.111809,36.6774,36.6774,0.0,4.100863,0.0,2e-06,4.100866,100.0,honest,honest
52,38.3352,38.3352,0.05,0.0,0.0,0.12683,8.7634,0.107805,8.7634,8.7634,0.0,0.944738,82.9464,0.107805,29.5718,29.5718,0.0,3.187988,0.0,0.0,4.132726,100.0,honest,honest
53,57.3996,57.3995,0.05,0.0,0.0,0.12922,0.0818,0.109837,0.0818,0.0818,0.0,0.008985,62.1148,0.122759,57.3177,57.3177,0.0,7.036264,0.0,6e-06,7.045254,100.0,honest,honest
54,96.5869,96.5869,0.05,0.0,0.0,0.13741,0.0,0.116798,0.0,0.0,0.0,0.0,61.803,0.13054,61.803,61.803,0.0,8.067764,34.7839,4.779652,12.847415,63.99,honest,honest
55,112.0403,112.0403,0.05,0.0,0.0,0.15663,0.0,0.133135,0.0,0.0,0.0,0.0,60.1579,0.148798,60.1579,60.1579,0.0,8.951375,51.8824,8.126333,17.077708,53.69,honest,honest
56,104.1121,104.1121,0.05,0.0,0.0,0.1936,8.0371,0.16456,8.0371,8.0371,0.0,1.322585,62.9822,0.18392,62.9822,62.9822,0.0,11.583686,33.0928,6.406774,19.313045,68.21,honest,honest
57,85.3941,85.3941,0.05,0.0,0.0,0.19066,9.6685,0.162061,9.6685,9.6685,0.0,1.566887,64.2786,0.181127,64.2786,64.2786,0.0,11.64259,11.447,2.182491,15.391968,86.6,honest,honest
58,104.119,104.119,0.05,0.0,0.0,0.25138,20.474,0.238811,20.474,20.474,0.0,4.889416,64.7045,0.238811,64.7045,64.7045,0.0,15.452146,18.9405,4.76127,25.102833,81.81,honest,honest
59,106.0488,106.0488,0.05,0.0,0.0,0.24031,91.3156,0.228294,91.3156,91.3156,0.0,20.846804,64.6568,0.228294,14.7332,14.7332,0.0,3.363501,0.0,1.2e-05,24.210316,100.0,honest,honest
60,104.2497,104.2497,0.05,0.0,0.0,0.22716,113.9485,0.215802,104.2497,104.2497,0.0,22.497294,64.5044,0.215802,0.0,0.0,0.0,0.0,0.0,0.0,22.497294,100.0,honest,honest
61,85.4381,85.4381,0.05,0.0,0.0,0.21851,145.0087,0.207585,85.4381,85.4381,0.0,17.735668,64.0234,0.207585,0.0,0.0,0.0,0.0,0.0,0.0,17.735668,100.0,honest,honest
62,85.4367,85.4366,0.05,0.0,0.0,0.15251,32.4381,0.129634,32.4381,32.4381,0.0,4.205081,63.4347,0.144884,52.9985,52.9985,0.0,7.678635,0.0,5e-06,11.883721,100.0,honest,honest
63,85.406,85.406,0.05,0.0,0.0,0.15829,7.4732,0.134546,7.4732,7.4732,0.0,1.005489,63.0424,0.150375,63.0424,63.0424,0.0,9.480001,14.8904,2.357005,12.842495,82.57,honest,honest
64,109.2672,109.2672,0.05,0.0,0.0,0.1763,1.8111,0.149855,1.8111,1.8111,0.0,0.271402,62.6717,0.167485,62.6717,62.6717,0.0,10.49657,44.7844,7.895498,18.66347,59.01,honest,honest
65,114.5801,114.5801,0.05,0.0,0.0,0.19842,0.7397,0.168657,0.7397,0.7397,0.0,0.124756,62.4995,0.188499,62.4995,62.4995,0.0,11.781093,51.3409,10.187058,22.092907,55.19,honest,honest
66,114.5966,114.5966,0.05,0.0,0.0,0.26973,1.8563,0.256244,1.8563,1.8563,0.0,0.475666,61.7068,0.256244,61.7068,61.7068,0.0,15.811997,51.0335,13.765274,30.052937,55.47,honest,honest
67,95.8436,95.8436,0.05,0.0,0.0,0.27139,0.649,0.257821,0.649,0.649,0.0,0.167326,60.8169,0.257821,60.8169,60.8169,0.0,15.679874,34.3777,9.329768,25.176968,64.13,honest,honest
68,95.8187,95.8187,0.05,0.0,0.0,0.27165,0.0936,0.258068,0.0936,0.0936,0.0,0.024155,60.002,0.258068,60.002,60.002,0.0,15.484596,35.7231,9.704178,25.212929,62.72,honest,honest
69,95.7218,95.7218,0.05,0.0,0.0,0.27022,0.0439,0.256709,0.0439,0.0439,0.0,0.01127,59.4242,0.256709,59.4242,59.4242,0.0,15.254727,36.2537,9.796465,25.062462,62.13,honest,honest
70,95.7074,95.7074,0.05,0.0,0.0,0.20114,0.0148,0.191083,0.0148,0.0148,0.0,0.002828,58.5553,0.191083,58.5553,58.5553,0.0,11.188922,37.1373,7.46979,18.66154,61.2,honest,honest
71,97.7317,97.7317,0.05,0.0,0.0,0.19338,0.4354,0.164373,0.4354,0.4354,0.0,0.071568,56.8331,0.183711,56.8331,56.8331,0.0,10.440866,40.4632,7.824773,18.337206,58.6,honest,honest
72,55.8295,55.8295,0.05,0.0,0.0,0.14627,0.0,0.12433,0.0,0.0,0.0,0.0,56.679,0.138957,55.8295,55.8295,0.0,7.7579,0.0,0.0,7.7579,100.0,honest,honest
73,36.5585,36.5584,0.05,0.0,0.0,0.14041,0.0,0.119348,0.0,0.0,0.0,0.0,79.9287,0.119348,36.5584,36.5584,0.0,4.363172,0.0,6e-06,4.363178,100.0,honest,honest
74,36.6022,36.6022,0.05,0.0,0.0,0.13809,0.0,0.117376,0.0,0.0,0.0,0.0,79.9402,0.117376,36.6022,36.6022,0.0,4.29622,0.0,0.0,4.29622,100.0,honest,honest
75,36.6323,36.6322,0.05,0.0,0.0,0.13371,0.0,0.113653,0.0,0.0,0.0,0.0,76.5345,0.113653,36.6322,36.6322,0.0,4.163359,0.0,6e-06,4.163366,100.0,honest,honest
76,37.0072,37.0072,0.05,0.0,0.0,0.13716,0.0,0.116586,0.0,0.0,0.0,0.0,74.3877,0.116586,37.0072,37.0072,0.0,4.314521,0.0,0.0,4.314521,100.0,honest,honest
77,56.0998,56.0997,0.05,0.0,0.0,0.14493,0.0,0.12319,0.0,0.0,0.0,0.0,49.8402,0.137683,49.8402,49.8402,0.0,6.862148,6.2595,0.907194,7.769342,88.84,honest,honest
78,96.0021,96.0021,0.05,0.0,0.0,0.1513,0.0,0.128605,0.0,0.0,0.0,0.0,49.6615,0.143735,49.6615,49.6615,0.0,7.138096,46.3406,7.01134,14.149436,51.73,honest,honest
79,112.0273,112.0273,0.05,0.0,0.0,0.15436,0.0,0.131206,0.0,0.0,0.0,0.0,47.5394,0.146642,47.5394,47.5394,0.0,6.971273,64.4879,9.954357,16.92563,42.44,honest,honest
80,104.0997,104.0997,0.05,0.0,0.0,0.16136,2.1147,0.137156,2.1147,2.1147,0.0,0.290044,45.532,0.153292,45.532,45.532,0.0,6.979691,56.453,9.109251,16.378986,45.77,honest,honest
81,85.3811,85.3811,0.05,0.0,0.0,0.16727,3.448,0.142179,3.448,3.448,0.0,0.490233,48.3756,0.158907,48.3756,48.3756,0.0,7.687221,33.5575,5.613168,13.790623,60.7,honest,honest
82,104.1049,104.1049,0.05,0.0,0.0,0.15093,9.5812,0.128291,9.5812,9.5812,0.0,1.229182,48.1989,0.143383,48.1989,48.1989,0.0,6.910903,46.3248,6.991805,15.13189,55.5,honest,honest
83,106.0314,106.0314,0.05,0.0,0.0,0.12807,170.4701,0.108859,106.0314,106.0314,0.0,11.542472,47.7645,0.121666,0.0,0.0,0.0,0.0,0.0,1e-06,11.542473,100.0,honest,honest
84,104.2279,104.2279,0.05,0.0,0.0,0.10762,377.0505,0.091477,104.2279,104.2279,0.0,9.534456,47.5733,0.102239,0.0,0.0,0.0,0.0,0.0,0.0,9.534456,100.0,honest,honest
85,85.4171,85.4171,0.05,0.0,0.0,0.10713,263.7332,0.091061,85.4171,85.4171,0.0,7.778167,48.7417,0.101774,0.0,0.0,0.0,0.0,0.0,0.0,7.778167,100.0,honest,honest
86,85.4196,85.4195,0.05,0.0,0.0,0.11503,93.6065,0.097775,85.4195,85.4195,0.0,8.351892,48.7506,0.109278,0.0,0.0,0.0,0.0,0.0,4e-06,8.351896,100.0,honest,honest
87,85.3884,85.3884,0.05,0.0,0.0,0.12785,9.1413,0.108672,9.1413,9.1413,0.0,0.993403,49.4874,0.121457,49.4874,49.4874,0.0,6.010591,26.7597,3.421225,10.425219,68.66,honest,honest
88,109.2483,109.2483,0.05,0.0,0.0,0.15785,3.8657,0.134173,3.8657,3.8657,0.0,0.518673,48.9183,0.149957,48.9183,48.9183,0.0,7.335642,56.4643,8.912885,16.7672,48.32,honest,honest
89,114.5578,114.5578,0.05,0.0,0.0,0.17448,5.0425,0.148308,5.0425,5.0425,0.0,0.747843,46.3305,0.165756,46.3305,46.3305,0.0,7.679558,63.1848,11.02449,19.451892,44.84,honest,honest
90,114.5791,114.5791,0.05,0.0,0.0,0.17756,10.5725,0.150926,10.5725,10.5725,0.0,1.595665,41.1547,0.168682,41.1547,41.1547,0.0,6.942057,62.8519,11.15998,19.697703,45.15,honest,honest
91,96.186,96.186,0.05,0.0,0.0,0.16941,1.6471,0.143999,1.6471,1.6471,0.0,0.237181,46.1121,0.160939,46.1121,46.1121,0.0,7.421235,48.4268,8.203985,15.862401,49.65,honest,honest
92,96.1404,96.1404,0.05,0.0,0.0,0.15893,8.3746,0.13509,8.3746,8.3746,0.0,1.131325,43.4923,0.150983,43.4923,43.4923,0.0,6.566598,44.2735,7.036389,14.734311,53.95,honest,honest
93,95.9671,95.9671,0.05,0.0,0.0,0.15439,1.6612,0.131232,1.6612,1.6612,0.0,0.218003,43.0237,0.14667,43.0237,43.0237,0.0,6.310286,51.2822,7.917463,14.445752,46.56,honest,honest
94,95.6961,95.6961,0.05,0.0,0.0,0.15045,0.8706,0.127883,0.8706,0.8706,0.0,0.111335,37.8163,0.142927,37.8163,37.8163,0.0,5.40497,57.0092,8.577032,14.093338,40.43,honest,honest
95,97.7213,97.7213,0.05,0.0,0.0,0.14383,1.0577,0.122256,1.0577,1.0577,0.0,0.12931,35.1735,0.136638,35.1735,35.1735,0.0,4.806037,61.4901,8.844123,13.77947,37.08,honest,honest
96,55.8191,55.8191,0.05,0.0,0.0,0.16202,0.0,0.137717,0.0,0.0,0.0,0.0,33.0708,0.153919,33.0708,33.0708,0.0,5.090224,22.7483,3.685674,8.775899,59.25,honest,honest
97,36.5409,36.5409,0.05,0.0,0.0,0.1315,0.0,0.111775,0.0,0.0,0.0,0.0,47.1248,0.111775,36.5409,36.5409,0.0,4.084359,0.0,0.0,4.084359,100.0,honest,honest
98,36.5789,36.5789,0.05,0.0,0.0,0.12795,0.0,0.108758,0.0,0.0,0.0,0.0,46.1074,0.108758,36.5789,36.5789,0.0,3.978248,0.0,1e-06,3.978249,100.0,honest,honest
99,36.6056,36.6056,0.05,0.0,0.0,0.11013,0.0,0.09361,0.0,0.0,0.0,0.0,45.2232,0.09361,36.6056,36.6056,0.0,3.42665,0.0,0.0,3.42665,100.0,honest,honest
100,36.9775,36.9775,0.05,0.0,0.0,0.10735,0.0,0.091247,0.0,0.0,0.0,0.0,47.1974,0.091247,36.9775,36.9775,0.0,3.374086,0.0,0.0,3.374086,100.0,honest,honest
101,56.0775,56.0774,0.05,0.0,0.0,0.0988,0.0,0.08398,0.0,0.0,0.0,0.0,38.0169,0.08398,38.0169,38.0169,0.0,3.192659,18.0605,1.784379,4.977038,67.79,honest,honest
102,95.9866,95.9866,0.05,0.0,0.0,0.09434,0.0,0.080189,0.0,0.0,0.0,0.0,39.0534,0.080189,39.0534,39.0534,0.0,3.131653,56.9332,5.371074,8.502727,40.69,honest,honest
103,112.0118,112.0118,0.05,0.0,0.0,0.10338,0.0,0.087873,0.0,0.0,0.0,0.0,36.559,0.098211,36.559,36.559,0.0,3.590496,75.4528,7.800313,11.390808,32.64,honest,honest
104,104.0844,104.0844,0.05,0.0,0.0,0.10773,1.2423,0.09157,1.2423,1.2423,0.0,0.113757,29.1178,0.102344,29.1178,29.1178,0.0,2.980032,73.7243,7.942314,11.036103,29.17,honest,honest
105,85.366,85.366,0.05,0.0,0.0,0.16373,2.392,0.13917,2.392,2.392,0.0,0.332895,25.0,0.155543,25.0,25.0,0.0,3.888575,57.974,9.49209,13.71356,32.09,honest,honest
106,104.0884,104.0884,0.05,0.0,0.0,0.1145,4.9951,0.097325,4.9951,4.9951,0.0,0.486148,27.7299,0.108775,27.7299,27.7299,0.0,3.01632,71.3634,8.171107,11.673575,31.44,honest,honest
107,106.0183,106.0183,0.05,0.0,0.0,0.08966,17.6515,0.076211,17.6515,17.6515,0.0,1.345238,37.4506,0.076211,37.4506,37.4506,0.0,2.854148,50.9162,4.565143,8.764529,51.97,honest,honest
108,104.2108,104.2108,0.05,0.0,0.0,0.08488,28.365,0.072148,28.365,28.365,0.0,2.046478,36.2363,0.072148,36.2363,36.2363,0.0,2.614377,39.6095,3.362059,8.022913,61.99,honest,honest
109,85.4021,85.4021,0.05,0.0,0.0,0.07392,24.9636,0.062832,24.9636,24.9636,0.0,1.568513,35.6226,0.062832,35.6226,35.6226,0.0,2.238239,24.8159,1.834389,5.641141,70.94,honest,honest
110,85.4037,85.4037,0.05,0.0,0.0,0.06787,18.5159,0.057689,18.5159,18.5159,0.0,1.068164,34.7546,0.057689,34.7546,34.7546,0.0,2.004958,32.1332,2.180878,5.254,62.37,honest,honest
111,85.3733,85.3733,0.05,0.0,0.0,0.06885,15.2182,0.058522,15.2182,15.2182,0.0,0.8906,31.5165,0.058522,31.5165,31.5165,0.0,1.844409,38.6386,2.660266,5.395274,54.74,honest,honest
112,109.2322,109.2322,0.05,0.0,0.0,0.10296,0.3577,0.087516,0.3577,0.3577,0.0,0.031304,20.3978,0.097812,20.3978,20.3978,0.0,1.99515,88.4767,9.109562,11.136016,19.0,honest,honest
113,114.5411,114.5411,0.05,0.0,0.0,0.10652,1.3215,0.090542,1.3215,1.3215,0.0,0.119651,19.6169,0.101194,19.6169,19.6169,0.0,1.985113,93.6027,9.970563,12.075327,18.28,honest,honest
114,114.5585,114.5585,0.05,0.0,0.0,0.10912,1.8934,0.092752,1.8934,1.8934,0.0,0.175617,20.9889,0.103664,20.9889,20.9889,0.0,2.175793,91.6762,10.003704,12.355114,19.97,honest,honest
115,96.1684,96.1684,0.05,0.0,0.0,0.10745,0.3387,0.091332,0.3387,0.3387,0.0,0.030934,20.7208,0.102078,20.7208,20.7208,0.0,2.115138,75.1089,8.070455,10.216527,21.9,honest,honest
116,96.1234,96.1234,0.05,0.0,0.0,0.10774,2.6874,0.091579,2.6874,2.6874,0.0,0.246109,23.4184,0.102353,23.4184,23.4184,0.0,2.396943,70.0176,7.543693,10.186746,27.16,honest,honest
117,95.9518,95.9518,0.05,0.0,0.0,0.11539,0.9583,0.098082,0.9583,0.9583,0.0,0.093992,21.2813,0.10962,21.2813,21.2813,0.0,2.332856,73.7122,8.505651,10.932499,23.18,honest,honest
118,95.681,95.681,0.05,0.0,0.0,0.10382,1.6033,0.088247,1.6033,1.6033,0.0,0.141486,21.0735,0.098629,21.0735,21.0735,0.0,2.078458,73.0042,7.579301,9.799246,23.7,honest,honest
119,97.7081,97.7081,0.05,0.0,0.0,0.08527,3.6704,0.07248,3.6704,3.6704,0.0,0.266031,46.3092,0.07248,46.3092,46.3092,0.0,3.356491,47.7285,4.069806,7.692327,51.15,honest,honest
120,55.8048,55.8048,0.05,0.0,0.0,0.06886,0.0857,0.058531,0.0857,0.0857,0.0,0.005016,42.5515,0.058531,42.5515,42.5515,0.0,2.490582,13.1676,0.906724,3.402322,76.4,honest,honest
121,36.5159,36.5159,0.05,0.0,0.0,0.0664,0.0,0.05644,0.0,0.0,0.0,0.0,47.1642,0.05644,36.5159,36.5159,0.0,2.060957,0.0,0.0,2.060957,100.0,honest,honest
122,36.5539,36.5539,0.05,0.0,0.0,0.06484,0.0,0.055114,0.0,0.0,0.0,0.0,37.981,0.055114,36.5539,36.5539,0.0,2.014632,0.0,0.0,2.014632,100.0,honest,honest
123,36.5885,36.5885,0.05,0.0,0.0,0.06411,0.0461,0.054494,0.0461,0.0461,0.0,0.002512,36.7023,0.054494,36.5424,36.5424,0.0,1.991342,0.0,0.0,1.993854,100.0,honest,honest
124,38.2583,38.2583,0.05,0.0,0.0,0.06535,0.0,0.055547,0.0,0.0,0.0,0.0,36.6055,0.055547,36.6055,36.6055,0.0,2.033326,1.6528,0.108012,2.141338,95.68,honest,honest
125,57.3559,57.3559,0.05,0.0,0.0,0.06888,0.0,0.058548,0.0,0.0,0.0,0.0,37.8736,0.058548,37.8736,37.8736,0.0,2.217424,19.4823,1.341942,3.559365,66.03,honest,honest
126,96.5604,96.5604,0.05,0.0,0.0,0.074,0.0,0.0629,0.0,0.0,0.0,0.0,45.3453,0.0629,45.3453,45.3453,0.0,2.852219,51.2151,3.789921,6.64214,46.96,honest,honest
127,112.0173,112.0173,0.05,0.0,0.0,0.10268,0.909,0.087278,0.909,0.909,0.0,0.079336,32.2032,0.097546,32.2032,32.2032,0.0,3.141293,78.9051,8.101971,11.3226,29.56,honest,honest
128,104.0886,104.0886,0.05,0.0,0.0,0.12079,3.7741,0.102671,3.7741,3.7741,0.0,0.387491,30.9157,0.11475,30.9157,30.9157,0.0,3.547577,69.3988,8.38268,12.317747,33.33,honest,honest
129,85.3732,85.3732,0.05,0.0,0.0,0.12001,0.9012,0.102009,0.9012,0.9012,0.0,0.091931,38.1812,0.114009,38.1812,38.1812,0.0,4.353,46.2908,5.555363,10.000294,45.78,honest,honest
130,104.0979,104.0979,0.05,0.0,0.0,0.09509,4.7384,0.080826,4.7384,4.7384,0.0,0.382986,44.6582,0.080826,44.6582,44.6582,0.0,3.609544,54.7013,5.201548,9.194077,47.45,honest,honest
131,106.0271,106.0271,0.05,0.0,0.0,0.08021,166.5562,0.068179,106.0271,106.0271,0.0,7.228822,67.757,0.068179,0.0,0.0,0.0,0.0,0.0,0.0,7.228822,100.0,honest,honest
132,104.227,104.227,0.05,0.0,0.0,0.0723,693.5893,0.061455,104.227,104.227,0.0,6.40527,70.3251,0.061455,0.0,0.0,0.0,0.0,0.0,0.0,6.40527,100.0,honest,honest
133,85.4172,85.4171,0.05,0.0,0.0,0.06279,840.8514,0.053371,85.4171,85.4171,0.0,4.558796,68.0515,0.053371,0.0,0.0,0.0,0.0,0.0,1e-06,4.558797,100.0,honest,honest
134,85.4182,85.4182,0.05,0.0,0.0,0.05155,456.3555,0.043817,85.4182,85.4182,0.0,3.742769,67.8983,0.043817,0.0,0.0,0.0,0.0,0.0,0.0,3.742769,100.0,honest,honest
135,85.3869,85.3869,0.05,0.0,0.0,0.0524,180.2678,0.04454,85.3869,85.3869,0.0,3.803133,63.5175,0.04454,0.0,0.0,0.0,0.0,0.0,2e-06,3.803135,100.0,honest,honest
136,109.2526,109.2526,0.05,0.0,0.0,0.09205,4.5921,0.078243,4.5921,4.5921,0.0,0.3593,63.0609,0.078243,63.0609,63.0609,0.0,4.934074,41.5996,3.829247,9.122621,61.92,honest,honest
137,114.5584,114.5584,0.05,0.0,0.0,0.12512,0.6488,0.106352,0.6488,0.6488,0.0,0.069001,41.354,0.118864,41.354,41.354,0.0,4.915502,72.5556,9.078163,14.062666,36.66,honest,honest
138,114.5816,114.5816,0.05,0.0,0.0,0.1454,0.1016,0.12359,0.1016,0.1016,0.0,0.012557,43.8171,0.13813,43.8171,43.8171,0.0,6.052456,70.6629,10.274382,16.339395,38.33,honest,honest
139,95.8293,95.8293,0.05,0.0,0.0,0.16564,0.9685,0.140794,0.9685,0.9685,0.0,0.136359,50.7332,0.157358,50.7332,50.7332,0.0,7.983275,44.1276,7.309289,15.428923,53.95,honest,honest
140,95.8074,95.8074,0.05,0.0,0.0,0.17299,1.2633,0.147041,1.2633,1.2633,0.0,0.185757,48.7478,0.164341,48.7478,48.7478,0.0,8.011262,45.7963,7.922309,16.119328,52.2,honest,honest
141,95.7115,95.7115,0.05,0.0,0.0,0.17923,0.1729,0.152345,0.1729,0.1729,0.0,0.02634,49.8413,0.170268,49.8413,49.8413,0.0,8.486378,45.6973,8.190325,16.703044,52.26,honest,honest
142,95.6975,95.6975,0.05,0.0,0.0,0.166,0.9718,0.1411,0.9718,0.9718,0.0,0.137121,51.2718,0.1577,51.2718,51.2718,0.0,8.085563,43.4539,7.213343,15.436026,54.59,honest,honest
143,97.7232,97.7232,0.05,0.0,0.0,0.14848,0.0,0.126208,0.0,0.0,0.0,0.0,51.2693,0.141056,51.2693,51.2693,0.0,7.231842,46.4539,6.89747,14.129312,52.46,honest,honest
144,55.8221,55.8221,0.05,0.0,0.0,0.119,0.0,0.10115,0.0,0.0,0.0,0.0,58.5718,0.11305,55.8221,55.8221,0.0,6.310688,0.0,5e-06,6.310693,100.0,honest,honest
145,36.5447,36.5447,0.05,0.0,0.0,0.11242,0.0,0.095557,0.0,0.0,0.0,0.0,84.0729,0.095557,36.5447,36.5447,0.0,3.492102,0.0,0.0,3.492102,100.0,honest,honest
146,36.5865,36.5865,0.05,0.0,0.0,0.10252,0.0,0.087142,0.0,0.0,0.0,0.0,84.9087,0.087142,36.5865,36.5865,0.0,3.188221,0.0,0.0,3.188221,100.0,honest,honest
147,36.6183,36.6183,0.05,0.0,0.0,0.08989,0.0,0.076407,0.0,0.0,0.0,0.0,85.8821,0.076407,36.6183,36.6183,0.0,2.797894,0.0,0.0,2.797894,100.0,honest,honest
148,36.9958,36.9958,0.05,0.0,0.0,0.06841,0.0,0.058148,0.0,0.0,0.0,0.0,89.2967,0.058148,36.9958,36.9958,0.0,2.151232,0.0,0.0,2.151232,100.0,honest,honest
149,56.1022,56.1022,0.05,0.0,0.0,0.08774,0.0,0.074579,0.0,0.0,0.0,0.0,88.0286,0.074579,56.1022,56.1022,0.0,4.184046,0.0,0.0,4.184046,100.0,honest,honest
150,95.9991,95.9991,0.05,0.0,0.0,0.11305,0.0,0.096092,0.0,0.0,0.0,0.0,58.2676,0.107397,58.2676,58.2676,0.0,6.257765,37.7315,4.265542,10.523308,60.7,honest,honest
151,112.003,112.003,0.05,0.0,0.0,0.13907,2.3328,0.118209,2.3328,2.3328,0.0,0.275758,56.7018,0.132116,56.7018,56.7018,0.0,7.491215,52.9684,7.366314,15.133287,52.71,honest,honest
152,104.071,104.071,0.05,0.0,0.0,0.17846,0.3403,0.151691,0.3403,0.3403,0.0,0.05162,54.352,0.169537,54.352,54.352,0.0,9.214675,49.3787,8.812114,18.07841,52.55,honest,honest
153,85.3742,85.3742,0.05,0.0,0.0,0.16978,2.8946,0.144313,2.8946,2.8946,0.0,0.417728,53.2294,0.161291,53.2294,53.2294,0.0,8.585423,29.2502,4.966107,13.969258,65.74,honest,honest
154,104.1143,104.1143,0.05,0.0,0.0,0.22204,2.3908,0.210938,2.3908,2.3908,0.0,0.504311,48.2286,0.210938,48.2286,48.2286,0.0,10.173244,53.4949,11.878011,22.555566,48.62,honest,honest
155,106.0447,106.0447,0.05,0.0,0.0,0.19957,119.8461,0.169634,106.0447,106.0447,0.0,17.988787,47.1383,0.189591,0.0,0.0,0.0,0.0,0.0,4e-06,17.988791,100.0,honest,honest
156,104.2398,104.2398,0.05,0.0,0.0,0.194,520.2093,0.1649,104.2398,104.2398,0.0,17.189143,35.9558,0.1843,0.0,0.0,0.0,0.0,0.0,0.0,17.189143,100.0,honest,honest
157,85.4298,85.4298,0.05,0.0,0.0,0.1923,1129.3516,0.163455,85.4298,85.4298,0.0,13.963928,32.6664,0.182685,0.0,0.0,0.0,0.0,0.0,7e-06,13.963935,100.0,honest,honest
158,85.4348,85.4348,0.05,0.0,0.0,0.12899,521.7906,0.109641,85.4348,85.4348,0.0,9.367157,30.6061,0.12254,0.0,0.0,0.0,0.0,0.0,0.0,9.367157,100.0,honest,honest
159,85.4079,85.4079,0.05,0.0,0.0,0.14548,113.9814,0.123658,85.4079,85.4079,0.0,10.56137,27.6119,0.138206,0.0,0.0,0.0,0.0,0.0,0.0,10.56137,100.0,honest,honest
160,109.2674,109.2673,0.05,0.0,0.0,0.16538,5.2734,0.140573,5.2734,5.2734,0.0,0.741298,23.9267,0.157111,23.9267,23.9267,0.0,3.759148,80.0672,13.241517,17.741963,26.72,honest,honest
161,114.5793,114.5793,0.05,0.0,0.0,0.18041,6.2356,0.153348,6.2356,6.2356,0.0,0.956217,20.0844,0.171389,20.0844,20.0844,0.0,3.442245,88.2593,15.922855,20.321317,22.97,honest,honest
162,114.5947,114.5947,0.05,0.0,0.0,0.25925,0.3309,0.246287,0.3309,0.3309,0.0,0.081496,19.8682,0.246287,19.8682,19.8682,0.0,4.893279,94.3956,24.472064,29.44684,17.63,honest,honest
163,96.2029,96.2029,0.05,0.0,0.0,0.25415,0.0976,0.241442,0.0976,0.0976,0.0,0.023565,25.4199,0.241442,25.4199,25.4199,0.0,6.137431,70.6854,17.964693,24.12569,26.52,honest,honest
164,96.1535,96.1535,0.05,0.0,0.0,0.24198,0.0,0.229881,0.0,0.0,0.0,0.0,27.3806,0.229881,27.3806,27.3806,0.0,6.29428,68.7729,16.641671,22.93595,28.48,honest,honest
165,95.981,95.981,0.05,0.0,0.0,0.23914,1.6329,0.227183,1.6329,1.6329,0.0,0.370967,30.0881,0.227183,30.0881,30.0881,0.0,6.835505,64.26,15.367144,22.573616,33.05,honest,honest
166,95.7099,95.7099,0.05,0.0,0.0,0.1612,0.2422,0.13702,0.2422,0.2422,0.0,0.033186,32.1972,0.15314,32.1972,32.1972,0.0,4.930679,63.2705,10.199211,15.163077,33.89,honest,honest
167,97.7341,97.7341,0.05,0.0,0.0,0.15415,2.4436,0.131027,2.4436,2.4436,0.0,0.320178,32.5934,0.146443,32.5934,32.5934,0.0,4.773075,62.6971,9.664754,14.758007,35.85,honest,honest
168,55.8358,55.8358,0.05,0.0,0.0,0.10738,0.0,0.091273,0.0,0.0,0.0,0.0,40.6184,0.102011,40.6184,40.6184,0.0,4.143524,15.2174,1.634042,5.777566,72.75,honest,honest
169,36.5684,36.5684,0.05,0.0,0.0,0.10366,0.0,0.088111,0.0,0.0,0.0,0.0,65.9717,0.088111,36.5684,36.5684,0.0,3.222078,0.0,2e-06,3.22208,100.0,honest,honest
170,36.6115,36.6115,0.05,0.0,0.0,0.0982,0.0,0.08347,0.0,0.0,0.0,0.0,71.3077,0.08347,36.6115,36.6115,0.0,3.055962,0.0,2e-06,3.055964,100.0,honest,honest
171,36.6429,36.6429,0.05,0.0,0.0,0.08865,0.0,0.075353,0.0,0.0,0.0,0.0,74.1233,0.075353,36.6429,36.6429,0.0,2.761152,0.0,0.0,2.761152,100.0,honest,honest
172,37.0193,37.0192,0.05,0.0,0.0,0.09638,0.0,0.081923,0.0,0.0,0.0,0.0,76.4424,0.081923,37.0192,37.0192,0.0,3.032724,0.0,5e-06,3.032729,100.0,honest,honest
173,56.1168,56.1168,0.05,0.0,0.0,0.10818,0.0,0.091953,0.0,0.0,0.0,0.0,51.0072,0.102771,51.0072,51.0072,0.0,5.242061,5.1096,0.552751,5.794812,90.89,honest,honest
174,96.0106,96.0106,0.05,0.0,0.0,0.13424,0.0,0.114104,0.0,0.0,0.0,0.0,53.3003,0.127528,53.3003,53.3003,0.0,6.797281,42.7103,5.733425,12.530706,55.52,honest,honest
175,112.0161,112.0161,0.05,0.0,0.0,0.15854,0.0,0.134759,0.0,0.0,0.0,0.0,55.0184,0.150613,55.0184,55.0184,0.0,8.286486,56.9977,9.036414,17.322901,49.12,honest,honest
176,104.0832,104.0832,0.05,0.0,0.0,0.19435,0.0,0.165197,0.0,0.0,0.0,0.0,45.7431,0.184632,45.7431,45.7431,0.0,8.44564,58.3401,11.338407,19.784047,43.95,honest,honest
177,85.372,85.372,0.05,0.0,0.0,0.18889,0.0,0.160556,0.0,0.0,0.0,0.0,48.0032,0.179445,48.0032,48.0032,0.0,8.613934,37.3688,7.058595,15.672529,56.23,honest,honest
178,104.1274,104.1274,0.05,0.0,0.0,0.23186,3.6433,0.220267,3.6433,3.6433,0.0,0.802499,47.8017,0.220267,47.8017,47.8017,0.0,10.529137,52.6824,12.214931,23.546567,49.41,honest,honest
179,106.0452,106.0452,0.05,0.0,0.0,0.22796,60.2057,0.216562,60.2057,60.2057,0.0,13.038267,45.4681,0.216562,45.4681,45.4681,0.0,9.846663,0.3714,0.084656,22.969585,99.65,honest,honest
180,104.2463,104.2463,0.05,0.0,0.0,0.21825,112.0051,0.207337,104.2463,104.2463,0.0,21.614115,43.3434,0.207337,0.0,0.0,0.0,0.0,0.0,1e-05,21.614125,100.0,honest,honest
181,85.431,85.431,0.05,0.0,0.0,0.20843,143.7685,0.198009,85.431,85.431,0.0,16.916107,37.207,0.198009,0.0,0.0,0.0,0.0,0.0,0.0,16.916107,100.0,honest,honest
182,85.4327,85.4327,0.05,0.0,0.0,0.14252,135.979,0.121142,85.4327,85.4327,0.0,10.349488,34.9465,0.135394,0.0,0.0,0.0,0.0,0.0,0.0,10.349488,100.0,honest,honest
183,85.4014,85.4014,0.05,0.0,0.0,0.14521,39.976,0.123428,39.976,39.976,0.0,4.934158,31.5691,0.13795,31.5691,31.5691,0.0,4.354957,13.8563,2.012069,11.301184,83.78,honest,honest
184,109.2683,109.2683,0.05,0.0,0.0,0.16098,12.1734,0.136833,12.1734,12.1734,0.0,1.665723,22.9638,0.152931,22.9638,22.9638,0.0,3.511877,74.1311,11.933627,17.111227,32.16,honest,honest
185,114.5746,114.5746,0.05,0.0,0.0,0.16762,3.5457,0.142477,3.5457,3.5457,0.0,0.505181,19.645,0.159239,19.645,19.645,0.0,3.12825,91.3839,15.317767,18.951198,20.24,honest,honest
186,114.5871,114.5871,0.05,0.0,0.0,0.2441,2.2825,0.231895,2.2825,2.2825,0.0,0.5293,21.1185,0.231895,21.1185,21.1185,0.0,4.897275,91.1861,22.258525,27.6851,20.42,honest,honest
187,96.1948,96.1948,0.05,0.0,0.0,0.25503,0.2205,0.242278,0.2205,0.2205,0.0,0.053422,25.3533,0.242278,25.3533,25.3533,0.0,6.142547,70.621,18.010481,24.20645,26.59,honest,honest
188,96.1471,96.1471,0.05,0.0,0.0,0.24829,0.9731,0.235875,0.9731,0.9731,0.0,0.22953,28.3167,0.235875,28.3167,28.3167,0.0,6.679202,66.8573,16.599994,23.508725,30.46,honest,honest
189,95.9741,95.9741,0.05,0.0,0.0,0.23512,0.4633,0.223364,0.4633,0.4633,0.0,0.103485,36.219,0.223364,36.219,36.219,0.0,8.090021,59.2918,13.940685,22.134191,38.22,honest,honest
190,95.7036,95.7036,0.05,0.0,0.0,0.17021,0.12,0.144678,0.12,0.12,0.0,0.017361,38.4529,0.161699,38.4529,38.4529,0.0,6.217795,57.1307,9.724217,15.959374,40.3,honest,honest
191,97.7297,97.7297,0.05,0.0,0.0,0.15674,0.5767,0.133229,0.5767,0.5767,0.0,0.076833,40.1611,0.148903,40.1611,40.1611,0.0,5.980108,56.9919,8.932918,14.98986,41.68,honest,honest
192,55.8328,55.8328,0.05,0.0,0.0,0.09407,0.0,0.07996,0.0,0.0,0.0,0.0,60.1815,0.07996,55.8328,55.8328,0.0,4.464391,0.0,0.0,4.464391,100.0,honest,honest
193,36.5715,36.5715,0.05,0.0,0.0,0.08112,0.0,0.068952,0.0,0.0,0.0,0.0,67.2555,0.068952,36.5715,36.5715,0.0,2.521678,0.0,0.0,2.521678,100.0,honest,honest
194,36.6209,36.6209,0.05,0.0,0.0,0.07162,0.0,0.060877,0.0,0.0,0.0,0.0,71.9154,0.060877,36.6209,36.6209,0.0,2.229371,0.0,2e-06,2.229373,100.0,honest,honest
195,36.6539,36.6539,0.05,0.0,0.0,0.05125,0.603,0.043562,0.603,0.603,0.0,0.026268,82.3864,0.043562,36.0509,36.0509,0.0,1.570449,0.0,0.0,1.596717,100.0,honest,honest
196,37.0319,37.0319,0.05,0.0,0.0,0.03514,0.0,0.029869,0.0,0.0,0.0,0.0,72.2747,0.029869,37.0319,37.0319,0.0,1.106106,0.0,0.0,1.106106,100.0,honest,honest
197,56.1154,56.1154,0.05,0.0,0.0,0.05611,0.0,0.047693,0.0,0.0,0.0,0.0,87.0333,0.047693,56.1154,56.1154,0.0,2.676312,0.0,0.0,2.676312,100.0,honest,honest
198,96.0171,96.0171,0.05,0.0,0.0,0.09386,0.0,0.079781,0.0,0.0,0.0,0.0,86.8933,0.079781,86.8933,86.8933,0.0,6.932434,9.1238,0.856356,7.78879,90.5,honest,honest
199,112.044,112.044,0.05,0.0,0.0,0.1265,0.0365,0.107525,0.0365,0.0365,0.0,0.003925,59.0796,0.120175,59.0796,59.0796,0.0,7.099891,52.9279,6.695379,13.799195,52.76,honest,honest
200,104.1153,104.1153,0.05,0.0,0.0,0.15926,5.2169,0.135371,5.2169,5.2169,0.0,0.706217,59.9078,0.151297,59.9078,59.9078,0.0,9.06387,38.9906,6.209639,15.979727,62.55,honest,honest
201,85.3969,85.3969,0.05,0.0,0.0,0.16284,3.3907,0.138414,3.3907,3.3907,0.0,0.46932,60.1725,0.154698,60.1725,60.1725,0.0,9.308565,21.8337,3.555402,13.333288,74.43,honest,honest
202,104.1272,104.1272,0.05,0.0,0.0,0.22183,11.8918,0.210738,11.8918,11.8918,0.0,2.506054,56.7622,0.210738,56.7622,56.7622,0.0,11.961953,35.4732,7.869019,22.337026,65.93,honest,honest
203,106.0557,106.0557,0.05,0.0,0.0,0.21419,399.3136,0.20348,106.0557,106.0557,0.0,21.580214,59.9624,0.20348,0.0,0.0,0.0,0.0,0.0,1e-06,21.580215,100.0,honest,honest
204,104.26,104.26,0.05,0.0,0.0,0.21237,264.3947,0.201752,104.26,104.26,0.0,21.034664,60.3991,0.201752,0.0,0.0,0.0,0.0,0.0,1e-05,21.034674,100.0,honest,honest
205,85.4427,85.4427,0.05,0.0,0.0,0.20068,193.4065,0.190646,85.4427,85.4427,0.0,16.289309,61.2027,0.190646,0.0,0.0,0.0,0.0,0.0,5e-06,16.289314,100.0,honest,honest
206,85.4392,85.4392,0.05,0.0,0.0,0.1343,129.9533,0.114155,85.4392,85.4392,0.0,9.753312,61.9409,0.127585,0.0,0.0,0.0,0.0,0.0,6e-06,9.753318,100.0,honest,honest
207,85.4083,85.4083,0.05,0.0,0.0,0.14234,20.4345,0.120989,20.4345,20.4345,0.0,2.47235,62.2344,0.135223,62.2344,62.2344,0.0,8.415522,2.7394,0.38993,11.277802,96.79,honest,honest
208,109.2739,109.2739,0.05,0.0,0.0,0.17041,3.9015,0.144848,3.9015,3.9015,0.0,0.565124,62.5457,0.161889,62.5457,62.5457,0.0,10.125461,42.8267,7.2981,17.988686,60.81,honest,honest
209,114.59,114.59,0.05,0.0,0.0,0.19205,0.8823,0.163242,0.8823,0.8823,0.0,0.144028,63.5536,0.182447,63.5536,63.5536,0.0,11.595164,50.1541,9.632093,21.371285,56.23,honest,honest
210,114.6089,114.6089,0.05,0.0,0.0,0.26442,3.5524,0.251199,3.5524,3.5524,0.0,0.892359,62.1969,0.251199,62.1969,62.1969,0.0,15.623799,48.8596,12.919466,29.435625,57.37,honest,honest
211,96.2136,96.2136,0.05,0.0,0.0,0.26511,0.0548,0.251854,0.0548,0.0548,0.0,0.013802,63.6086,0.251854,63.6086,63.6086,0.0,16.02008,32.5502,8.62938,24.663262,66.17,honest,honest
212,96.1642,96.1642,0.05,0.0,0.0,0.27342,0.8148,0.259749,0.8148,0.8148,0.0,0.211643,61.5211,0.259749,61.5211,61.5211,0.0,15.980044,33.8283,9.249343,25.441031,64.82,honest,honest
213,95.9893,95.9893,0.05,0.0,0.0,0.26698,0.8696,0.253631,0.8696,0.8696,0.0,0.220558,59.4486,0.253631,59.4486,59.4486,0.0,15.078008,35.6711,9.523464,24.822029,62.84,honest,honest
214,95.7169,95.7169,0.05,0.0,0.0,0.17699,1.2803,0.150442,1.2803,1.2803,0.0,0.192611,57.3193,0.16814,57.3193,57.3193,0.0,9.637667,37.1173,6.569399,16.399677,61.22,honest,honest
215,97.7414,97.7414,0.05,0.0,0.0,0.16465,1.0911,0.139952,1.0911,1.0911,0.0,0.152702,59.5244,0.156417,59.5244,59.5244,0.0,9.310628,37.1259,6.112783,15.576113,62.02,honest,honest
216,55.8434,55.8434,0.05,0.0,0.0,0.13015,1.3772,0.110627,1.3772,1.3772,0.0,0.152356,54.5924,0.123642,54.4662,54.4662,0.0,6.73431,0.0,3e-06,6.886668,100.0,honest,honest
217,36.5904,36.5904,0.05,0.0,0.0,0.11098,1.3772,0.094333,1.3772,1.3772,0.0,0.129915,78.6117,0.094333,35.2132,35.2132,0.0,3.321767,0.0,0.0,3.451682,100.0,honest,honest
218,36.6425,36.6424,0.05,0.0,0.0,0.10463,0.0,0.088936,0.0,0.0,0.0,0.0,83.596,0.088936,36.6424,36.6424,0.0,3.258828,0.0,5e-06,3.258833,100.0,honest,honest
219,36.6758,36.6758,0.05,0.0,0.0,0.10016,0.0,0.085136,0.0,0.0,0.0,0.0,80.7891,0.085136,36.6758,36.6758,0.0,3.122431,0.0,0.0,3.122431,100.0,honest,honest
220,38.3425,38.3425,0.05,0.0,0.0,0.10082,0.0,0.085697,0.0,0.0,0.0,0.0,83.924,0.085697,38.3425,38.3425,0.0,3.285837,0.0,5e-06,3.285842,100.0,honest,honest
221,57.4095,57.4095,0.05,0.0,0.0,0.11634,0.0,0.098889,0.0,0.0,0.0,0.0,55.0539,0.110523,55.0539,55.0539,0.0,6.084722,2.3556,0.27405,6.358772,95.9,honest,honest
222,96.6013,96.6013,0.05,0.0,0.0,0.13525,0.0,0.114963,0.0,0.0,0.0,0.0,53.2952,0.128488,53.2952,53.2952,0.0,6.847794,43.3061,5.857155,12.704949,55.17,honest,honest
223,112.0571,112.0571,0.05,0.0,0.0,0.1556,0.0,0.13226,0.0,0.0,0.0,0.0,54.888,0.14782,54.888,54.888,0.0,8.113544,57.1691,8.895514,17.009059,48.98,honest,honest
224,104.14,104.14,0.05,0.0,0.0,0.1958,7.941,0.16643,7.941,7.941,0.0,1.321621,50.7218,0.18601,50.7218,50.7218,0.0,9.434762,45.4772,8.904428,19.660811,56.33,honest,honest
225,85.4285,85.4285,0.05,0.0,0.0,0.19281,10.7398,0.163888,10.7398,10.7398,0.0,1.760124,43.7943,0.18317,43.7943,43.7943,0.0,8.021802,30.8944,5.956751,15.738677,63.84,honest,honest
226,104.1557,104.1557,0.05,0.0,0.0,0.24034,5.6845,0.228323,5.6845,5.6845,0.0,1.297902,48.0287,0.228323,48.0287,48.0287,0.0,10.966057,50.4425,12.123362,24.387321,51.57,honest,honest
227,106.0815,106.0815,0.05,0.0,0.0,0.2291,4.2277,0.217645,4.2277,4.2277,0.0,0.920138,51.9917,0.217645,51.9917,51.9917,0.0,11.315734,49.8621,11.423398,23.659269,53.0,honest,honest
228,104.2843,104.2843,0.05,0.0,0.0,0.22214,28.5406,0.211033,28.5406,28.5406,0.0,6.023008,50.7593,0.211033,50.7593,50.7593,0.0,10.711887,24.9844,5.550044,22.284939,76.04,honest,honest
229,85.4717,85.4717,0.05,0.0,0.0,0.21795,51.0165,0.207053,51.0165,51.0165,0.0,10.563119,51.9058,0.207053,34.4552,34.4552,0.0,7.134053,0.0,4e-06,17.697176,100.0,honest,honest
230,85.4686,85.4686,0.05,0.0,0.0,0.15763,111.968,0.133985,85.4686,85.4686,0.0,11.45151,59.3241,0.149748,0.0,0.0,0.0,0.0,0.0,2e-06,11.451512,100.0,honest,honest
231,85.4386,85.4386,0.05,0.0,0.0,0.16357,8.7767,0.139034,8.7767,8.7767,0.0,1.22026,61.5277,0.155391,61.5277,61.5277,0.0,9.560851,15.1342,2.475502,13.256612,82.29,honest,honest
232,109.3112,109.3112,0.05,0.0,0.0,0.17231,4.0233,0.146463,4.0233,4.0233,0.0,0.589265,60.0633,0.163694,60.0633,60.0633,0.0,9.832002,45.2246,7.792644,18.213911,58.63,honest,honest
233,114.6252,114.6252,0.05,0.0,0.0,0.1864,0.3643,0.15844,0.3643,0.3643,0.0,0.05772,62.5846,0.17708,62.5846,62.5846,0.0,11.082481,51.6763,9.632461,20.772661,54.92,honest,honest
234,114.6448,114.6448,0.05,0.0,0.0,0.26533,0.9858,0.252063,0.9858,0.9858,0.0,0.248484,62.9816,0.252063,62.9816,62.9816,0.0,15.875331,50.6774,13.446223,29.570037,55.8,honest,honest
235,95.8892,95.8892,0.05,0.0,0.0,0.26384,1.1282,0.250648,1.1282,1.1282,0.0,0.282781,56.2004,0.250648,56.2004,56.2004,0.0,14.086518,38.5606,10.173818,24.543116,59.79,honest,honest
236,95.8637,95.8637,0.05,0.0,0.0,0.25663,0.5933,0.243799,0.5933,0.5933,0.0,0.144646,45.6339,0.243799,45.6339,45.6339,0.0,11.125499,49.6365,12.738208,24.008354,48.22,honest,honest
237,95.7613,95.7613,0.05,0.0,0.0,0.24295,0.0119,0.230802,0.0119,0.0119,0.0,0.002747,41.2508,0.230802,41.2508,41.2508,0.0,9.520767,54.4986,13.240445,22.763959,43.09,honest,honest
238,95.7402,95.7402,0.05,0.0,0.0,0.1749,0.1164,0.148665,0.1164,0.1164,0.0,0.017305,42.8286,0.166155,42.8286,42.8286,0.0,7.116186,52.7952,9.233881,16.367372,44.86,honest,honest
239,97.7575,97.7575,0.05,0.0,0.0,0.16926,0.0,0.143871,0.0,0.0,0.0,0.0,48.9299,0.160797,48.9299,48.9299,0.0,7.867781,48.8276,8.264554,16.132336,50.05,honest,honest
240,55.8543,55.8543,0.05,0.0,0.0,0.15056,0.0,0.127976,0.0,0.0,0.0,0.0,50.6937,0.143032,50.6937,50.6937,0.0,7.250821,5.1606,0.776976,8.027797,90.76,honest,honest
241,36.6225,36.6225,0.05,0.0,0.0,0.14083,0.0,0.119706,0.0,0.0,0.0,0.0,70.1818,0.119706,36.6225,36.6225,0.0,4.383933,0.0,6e-06,4.383939,100.0,honest,honest
242,36.6817,36.6817,0.05,0.0,0.0,0.13888,0.0,0.118048,0.0,0.0,0.0,0.0,69.2252,0.118048,36.6817,36.6817,0.0,4.330201,0.0,0.0,4.330202,100.0,honest,honest
243,36.7143,36.7143,0.05,0.0,0.0,0.12361,0.1338,0.105068,0.1338,0.1338,0.0,0.014058,49.4239,0.105068,36.5805,36.5805,0.0,3.84344,0.0,0.0,3.857498,100.0,honest,honest
244,37.0917,37.0917,0.05,0.0,0.0,0.12027,0.0,0.10223,0.0,0.0,0.0,0.0,53.4065,0.10223,37.0917,37.0917,0.0,3.791884,0.0,0.0,3.791884,100.0,honest,honest
245,56.1351,56.1351,0.05,0.0,0.0,0.12461,0.0,0.105918,0.0,0.0,0.0,0.0,34.305,0.118379,34.305,34.305,0.0,4.060992,21.8301,2.720254,6.781246,61.11,honest,honest
246,96.0445,96.0445,0.05,0.0,0.0,0.13489,0.0,0.114657,0.0,0.0,0.0,0.0,30.1291,0.128145,30.1291,30.1291,0.0,3.860894,65.9154,8.891325,12.752218,31.37,honest,honest
247,112.084,112.084,0.05,0.0,0.0,0.11511,0.0,0.097843,0.0,0.0,0.0,0.0,9.6471,0.109354,9.6471,9.6471,0.0,1.054949,102.4369,11.791512,12.846461,8.61,honest,honest
248,104.1546,104.1546,0.05,0.0,0.0,0.12711,5.3395,0.108044,5.3395,5.3395,0.0,0.576901,12.3166,0.120755,12.3166,12.3166,0.0,1.487291,86.4985,10.994827,13.059019,16.95,honest,honest
249,85.442,85.442,0.05,0.0,0.0,0.14085,0.1636,0.119722,0.1636,0.1636,0.0,0.019587,15.386,0.133807,15.386,15.386,0.0,2.058755,69.8924,9.844339,11.92268,18.2,honest,honest
250,104.1707,104.1707,0.05,0.0,0.0,0.14512,8.0761,0.123352,8.0761,8.0761,0.0,0.996203,12.5554,0.137864,12.5554,12.5554,0.0,1.730938,83.5392,12.123203,14.850344,19.81,honest,honest
251,106.0987,106.0987,0.05,0.0,0.0,0.12011,147.6045,0.102093,106.0987,106.0987,0.0,10.831935,23.7162,0.114104,0.0,0.0,0.0,0.0,0.0,4e-06,10.831939,100.0,honest,honest
252,104.3086,104.3086,0.05,0.0,0.0,0.10908,485.0179,0.092718,104.3086,104.3086,0.0,9.671285,23.968,0.103626,0.0,0.0,0.0,0.0,0.0,5e-06,9.67129,100.0,honest,honest
253,85.507,85.507,0.05,0.0,0.0,0.09895,466.4083,0.084107,85.507,85.507,0.0,7.191737,15.2451,0.084107,0.0,0.0,0.0,0.0,0.0,3e-06,7.191741,100.0,honest,honest
254,85.5222,85.5222,0.05,0.0,0.0,0.09229,386.157,0.078447,85.5222,85.5222,0.0,6.70896,22.4991,0.078447,0.0,0.0,0.0,0.0,0.0,0.0,6.70896,100.0,honest,honest
255,85.5104,85.5103,0.05,0.0,0.0,0.08732,41.4005,0.074222,41.4005,41.4005,0.0,3.072828,14.6932,0.074222,14.6932,14.6932,0.0,1.090559,29.4166,2.568661,6.732047,65.6,honest,honest
256,106.7455,106.7455,0.05,0.0,0.0,0.11332,15.2119,0.096322,15.2119,15.2119,0.0,1.465241,13.1438,0.107654,13.1438,13.1438,0.0,1.414983,78.3898,8.883131,11.763354,26.56,honest,honest
257,114.6904,114.6904,0.05,0.0,0.0,0.15149,0.1938,0.128767,0.1938,0.1938,0.0,0.024955,15.4794,0.143916,15.4794,15.4794,0.0,2.227733,99.0172,15.00011,17.252798,13.67,honest,honest
258,114.682,114.682,0.05,0.0,0.0,0.15121,0.1729,0.128529,0.1729,0.1729,0.0,0.022223,18.7058,0.14365,18.7058,18.7058,0.0,2.687088,95.8033,14.486417,17.195728,16.46,honest,honest
259,96.2667,96.2667,0.05,0.0,0.0,0.15648,0.1326,0.133008,0.1326,0.1326,0.0,0.017637,32.7951,0.148656,32.7951,32.7951,0.0,4.875188,63.339,9.911284,14.804109,34.2,honest,honest
260,96.2143,96.2143,0.05,0.0,0.0,0.15229,2.591,0.129446,2.591,2.591,0.0,0.335395,27.1218,0.144676,27.1218,27.1218,0.0,3.923874,66.5015,10.127508,14.386776,30.88,honest,honest
261,96.0308,96.0308,0.05,0.0,0.0,0.15047,0.3714,0.127899,0.3714,0.3714,0.0,0.047502,44.4402,0.142946,44.4402,44.4402,0.0,6.352549,51.2192,7.70696,14.10701,46.66,honest,honest
262,95.7496,95.7496,0.05,0.0,0.0,0.14916,0.3077,0.126786,0.3077,0.3077,0.0,0.039012,30.2967,0.141702,30.2967,30.2967,0.0,4.293103,65.1452,9.717054,14.049169,31.96,honest,honest
263,97.7633,97.7633,0.05,0.0,0.0,0.14409,0.1811,0.122476,0.1811,0.1811,0.0,0.02218,42.2944,0.136885,42.2944,42.2944,0.0,5.789469,55.2878,7.966426,13.778075,43.45,honest,honest
264,55.8561,55.8561,0.05,0.0,0.0,0.16131,0.0,0.137113,0.0,0.0,0.0,0.0,35.2728,0.153245,35.2728,35.2728,0.0,5.40538,20.5833,3.32029,8.72567,63.15,honest,honest
265,36.6258,36.6258,0.05,0.0,0.0,0.15092,0.7604,0.128282,0.7604,0.7604,0.0,0.097546,60.7693,0.128282,35.8654,35.8654,0.0,4.600885,0.0,0.0,4.698431,100.0,honest,honest
266,36.6821,36.6821,0.05,0.0,0.0,0.14526,0.0,0.123471,0.0,0.0,0.0,0.0,63.1955,0.123471,36.6821,36.6821,0.0,4.529176,0.0,0.0,4.529176,100.0,honest,honest
267,36.7112,36.7112,0.05,0.0,0.0,0.1419,0.0,0.120615,0.0,0.0,0.0,0.0,55.7372,0.120615,36.7112,36.7112,0.0,4.427921,0.0,2e-06,4.427923,100.0,honest,honest
268,37.0855,37.0855,0.05,0.0,0.0,0.14232,2.108,0.120972,2.108,2.108,0.0,0.255009,48.0257,0.120972,34.9775,34.9775,0.0,4.231298,0.0,0.0,4.486307,100.0,honest,honest
269,56.1332,56.1332,0.05,0.0,0.0,0.14183,0.0,0.120556,0.0,0.0,0.0,0.0,34.7692,0.134739,34.7692,34.7692,0.0,4.684767,21.364,3.030055,7.714822,61.94,honest,honest
270,96.0309,96.0309,0.05,0.0,0.0,0.14087,0.7261,0.119739,0.7261,0.7261,0.0,0.086942,29.6999,0.133826,29.6999,29.6999,0.0,3.974619,65.6049,9.241757,13.303318,31.68,honest,honest
271,112.0603,112.0603,0.05,0.0,0.0,0.13122,0.0,0.111537,0.0,0.0,0.0,0.0,24.6617,0.124659,24.6617,24.6617,0.0,3.074303,87.3986,11.468441,14.542743,22.01,honest,honest
272,104.132,104.132,0.05,0.0,0.0,0.13351,0.0752,0.113483,0.0752,0.0752,0.0,0.008534,21.4621,0.126834,21.4621,21.4621,0.0,2.722124,82.5947,11.027215,13.757873,20.68,honest,honest
273,85.4186,85.4186,0.05,0.0,0.0,0.14491,0.0,0.123174,0.0,0.0,0.0,0.0,21.2165,0.137664,21.2165,21.2165,0.0,2.920748,64.2021,9.303532,12.22428,24.84,honest,honest
274,104.1525,104.1525,0.05,0.0,0.0,0.07799,14.0928,0.066292,14.0928,14.0928,0.0,0.93424,22.4001,0.066292,22.4001,22.4001,0.0,1.484947,67.6596,5.276774,7.695961,35.04,honest,honest
275,106.0872,106.0872,0.05,0.0,0.0,0.04044,221.6504,0.034374,106.0872,106.0872,0.0,3.646641,14.6416,0.034374,0.0,0.0,0.0,0.0,0.0,0.0,3.646641,100.0,honest,honest
276,104.2897,104.2897,0.05,0.0,0.0,0.02927,1233.2436,0.024879,104.2897,104.2897,0.0,2.594623,10.7539,0.024879,0.0,0.0,0.0,0.0,0.0,0.0,2.594623,100.0,honest,honest
277,85.4822,85.4822,0.05,0.0,0.0,0.0293,1062.5974,0.024905,85.4822,85.4822,0.0,2.128934,8.9721,0.024905,0.0,0.0,0.0,0.0,0.0,0.0,2.128935,100.0,honest,honest
278,85.4785,85.4785,0.05,0.0,0.0,0.02892,399.4428,0.024582,85.4785,85.4785,0.0,2.101232,16.7595,0.024582,0.0,0.0,0.0,0.0,0.0,0.0,2.101232,100.0,honest,honest
279,85.4438,85.4438,0.05,0.0,0.0,0.02875,264.5259,0.024438,85.4438,85.4438,0.0,2.088076,21.7837,0.024438,0.0,0.0,0.0,0.0,0.0,0.0,2.088076,100.0,honest,honest
280,106.6717,106.6717,0.05,0.0,0.0,0.04201,39.8135,0.035708,39.8135,39.8135,0.0,1.42166,16.4837,0.035708,16.4837,16.4837,0.0,0.5886,50.3745,2.116234,4.126495,52.78,honest,honest
281,114.6219,114.6219,0.05,0.0,0.0,0.13948,0.0,0.118558,0.0,0.0,0.0,0.0,6.2188,0.132506,6.2188,6.2188,0.0,0.824028,108.4031,15.120061,15.944089,5.43,honest,honest
282,114.6462,114.6462,0.05,0.0,0.0,0.16533,0.0,0.140531,0.0,0.0,0.0,0.0,5.9763,0.157063,5.9763,5.9763,0.0,0.938656,108.6699,17.966394,18.905049,5.21,honest,honest
283,96.2482,96.2482,0.05,0.0,0.0,0.17293,3.481,0.14699,3.481,3.481,0.0,0.511672,9.4578,0.164283,9.4578,9.4578,0.0,1.553756,83.3094,14.406698,16.472125,13.44,honest,honest
284,96.2014,96.2014,0.05,0.0,0.0,0.16945,4.1328,0.144032,4.1328,4.1328,0.0,0.595255,7.6671,0.160977,7.6671,7.6671,0.0,1.234227,84.4015,14.301837,16.131319,12.27,honest,honest
285,96.0258,96.0258,0.05,0.0,0.0,0.17424,0.7095,0.148104,0.7095,0.7095,0.0,0.10508,4.5565,0.165528,4.5565,4.5565,0.0,0.754228,90.7598,15.813984,16.673292,5.48,honest,honest
286,95.7525,95.7525,0.05,0.0,0.0,0.16729,0.0756,0.142197,0.0756,0.0756,0.0,0.01075,5.598,0.158925,5.598,5.598,0.0,0.889662,90.0789,15.069303,15.969716,5.93,honest,honest
287,97.7738,97.7738,0.05,0.0,0.0,0.16775,0.2144,0.142588,0.2144,0.2144,0.0,0.030571,7.477,0.159362,7.477,7.477,0.0,1.19155,90.0824,15.111323,16.333443,7.87,honest,honest
288,55.8711,55.8711,0.05,0.0,0.0,0.14564,0.0,0.123794,0.0,0.0,0.0,0.0,9.734,0.138358,9.734,9.734,0.0,1.346777,46.1371,6.7194,8.066177,17.42,honest,honest
289,36.64,36.64,0.05,0.0,0.0,0.1377,0.0,0.117045,0.0,0.0,0.0,0.0,10.9466,0.117045,10.9466,10.9466,0.0,1.281245,25.6934,3.537985,4.81923,29.88,honest,honest
290,36.7011,36.7011,0.05,0.0,0.0,0.13897,0.1729,0.118125,0.1729,0.1729,0.0,0.020424,15.9402,0.118125,15.9402,15.9402,0.0,1.882936,20.588,2.861112,4.764472,43.9,honest,honest
291,36.7272,36.7272,0.05,0.0,0.0,0.13635,0.0,0.115898,0.0,0.0,0.0,0.0,17.0006,0.115898,17.0006,17.0006,0.0,1.970336,19.7266,2.689726,4.660062,46.29,honest,honest
292,38.3799,38.3799,0.05,0.0,0.0,0.13615,0.0,0.115727,0.0,0.0,0.0,0.0,11.7446,0.115727,11.7446,11.7446,0.0,1.359167,26.6353,3.626402,4.985569,30.6,honest,honest
293,57.4193,57.4193,0.05,0.0,0.0,0.14262,0.0,0.121227,0.0,0.0,0.0,0.0,4.9589,0.135489,4.9589,4.9589,0.0,0.671876,52.4604,7.481897,8.153773,8.64,honest,honest
294,96.6008,96.6008,0.05,0.0,0.0,0.16041,0.6876,0.136348,0.6876,0.6876,0.0,0.093753,5.5955,0.152389,5.5955,5.5955,0.0,0.852693,90.3177,14.487865,15.434311,6.5,honest,honest
295,112.0528,112.0528,0.05,0.0,0.0,0.16949,0.0,0.144066,0.0,0.0,0.0,0.0,4.7244,0.161016,4.7244,4.7244,0.0,0.760704,107.3284,18.191087,18.951791,4.22,honest,honest
296,104.1231,104.1231,0.05,0.0,0.0,0.23908,1.156,0.227126,1.156,1.156,0.0,0.262558,3.5784,0.227126,3.5784,3.5784,0.0,0.812748,99.3887,23.761851,24.837156,4.55,honest,honest
297,85.4032,85.4032,0.05,0.0,0.0,0.19737,0.4369,0.167764,0.4369,0.4369,0.0,0.073296,4.5184,0.187501,4.5184,4.5184,0.0,0.847205,80.4479,15.877994,16.798495,5.8,honest,honest
298,104.1277,104.1277,0.05,0.0,0.0,0.24248,64.1719,0.230356,64.1719,64.1719,0.0,14.782382,3.7338,0.230356,3.7338,3.7338,0.0,0.860103,36.222,8.7831,24.425586,65.21,honest,honest
299,106.0594,106.0594,0.05,0.0,0.0,0.22555,245.904,0.214272,106.0594,106.0594,0.0,22.72556,4.0777,0.214272,0.0,0.0,0.0,0.0,0.0,0.0,22.72556,100.0,honest,honest
300,104.258,104.2579,0.05,0.0,0.0,0.2189,488.0753,0.207955,104.2579,104.2579,0.0,21.680952,2.9117,0.207955,0.0,0.0,0.0,0.0,0.0,7e-06,21.680959,100.0,honest,honest
301,85.4437,85.4437,0.05,0.0,0.0,0.21153,302.6327,0.200953,85.4437,85.4437,0.0,17.170168,5.4415,0.200953,0.0,0.0,0.0,0.0,0.0,4e-06,17.170172,100.0,honest,honest
302,85.4431,85.4431,0.05,0.0,0.0,0.15176,243.3888,0.128996,85.4431,85.4431,0.0,11.021818,7.1285,0.144172,0.0,0.0,0.0,0.0,0.0,2e-06,11.02182,100.0,honest,honest
303,85.4129,85.4129,0.05,0.0,0.0,0.15936,111.1786,0.135456,85.4129,85.4129,0.0,11.56969,10.5392,0.151392,0.0,0.0,0.0,0.0,0.0,0.0,11.56969,100.0,honest,honest
304,106.6271,106.627,0.05,0.0,0.0,0.17653,57.5234,0.150051,57.5234,57.5234,0.0,8.631444,16.6664,0.167703,16.6664,16.6664,0.0,2.795005,32.4372,5.726147,17.152596,69.58,honest,honest
305,114.5913,114.5913,0.05,0.0,0.0,0.19528,30.0198,0.165988,30.0198,30.0198,0.0,4.982927,18.4534,0.185516,18.4534,18.4534,0.0,3.423401,66.1181,12.911536,21.317864,42.3,honest,honest
306,114.6102,114.6102,0.05,0.0,0.0,0.27533,14.5517,0.261564,14.5517,14.5517,0.0,3.806201,17.6149,0.261564,17.6149,17.6149,0.0,4.607424,82.4436,22.6992,31.112824,28.07,honest,honest
307,95.8545,95.8545,0.05,0.0,0.0,0.27688,14.6185,0.263036,14.6185,14.6185,0.0,3.845192,17.8969,0.263036,17.8969,17.8969,0.0,4.707529,63.3391,17.537341,26.090061,33.92,honest,honest
308,95.8296,95.8296,0.05,0.0,0.0,0.26529,7.385,0.252026,7.385,7.385,0.0,1.861212,18.4478,0.252026,18.4478,18.4478,0.0,4.649325,69.9968,18.569445,25.079983,26.96,honest,honest
309,95.7332,95.7332,0.05,0.0,0.0,0.26242,2.1623,0.249299,2.1623,2.1623,0.0,0.539059,18.3071,0.249299,18.3071,18.3071,0.0,4.563942,75.2638,19.750737,24.853738,21.38,honest,honest
310,95.7201,95.7201,0.05,0.0,0.0,0.18878,1.4703,0.160463,1.4703,1.4703,0.0,0.235929,18.9089,0.179341,18.9089,18.9089,0.0,3.391141,75.3409,14.222858,17.849928,21.29,honest,honest
311,97.7451,97.7451,0.05,0.0,0.0,0.17332,14.0615,0.147322,14.0615,14.0615,0.0,2.071568,26.4883,0.164654,26.4883,26.4883,0.0,4.361405,57.1953,9.913096,16.346069,41.49,honest,honest
312,55.8498,55.8498,0.05,0.0,0.0,0.14681,3.41,0.124788,3.41,3.41,0.0,0.425527,27.9398,0.139469,27.9398,27.9398,0.0,3.896736,24.5,3.596851,7.919114,56.13,honest,honest
313,36.6021,36.6021,0.05,0.0,0.0,0.14296,0.0,0.121516,0.0,0.0,0.0,0.0,23.4216,0.121516,23.4216,23.4216,0.0,2.846099,13.1805,1.884282,4.730381,63.99,honest,honest
314,36.6588,36.6588,0.05,0.0,0.0,0.14149,0.0,0.120266,0.0,0.0,0.0,0.0,20.705,0.120266,20.705,20.705,0.0,2.490108,15.9538,2.257302,4.74741,56.48,honest,honest
315,36.6993,36.6993,0.05,0.0,0.0,0.13621,2.5588,0.115778,2.5588,2.5588,0.0,0.296253,23.3816,0.115778,23.3816,23.3816,0.0,2.707075,10.7589,1.465472,4.468799,70.68,honest,honest
316,37.0877,37.0877,0.05,0.0,0.0,0.13639,0.0,0.115932,0.0,0.0,0.0,0.0,17.2437,0.115932,17.2437,17.2437,0.0,1.999097,19.844,2.706525,4.705622,46.49,honest,honest
317,56.1708,56.1708,0.05,0.0,0.0,0.1369,0.0,0.116365,0.0,0.0,0.0,0.0,8.5238,0.130055,8.5238,8.5238,0.0,1.108563,47.647,6.522873,7.631436,15.17,honest,honest
318,96.1063,96.1063,0.05,0.0,0.0,0.16282,0.1125,0.138397,0.1125,0.1125,0.0,0.01557,7.2392,0.154679,7.2392,7.2392,0.0,1.119752,88.7546,14.451026,15.586348,7.65,honest,honest
319,112.1015,112.1015,0.05,0.0,0.0,0.17986,0.0,0.152881,0.0,0.0,0.0,0.0,7.536,0.170867,7.536,7.536,0.0,1.287654,104.5655,18.807147,20.0948,6.72,honest,honest
320,104.1439,104.1439,0.05,0.0,0.0,0.23976,3.7494,0.227772,3.7494,3.7494,0.0,0.854008,7.4775,0.227772,7.4775,7.4775,0.0,1.703165,92.917,22.277783,24.834956,10.78,honest,honest
321,85.4268,85.4268,0.05,0.0,0.0,0.19901,20.5486,0.169158,20.5486,20.5486,0.0,3.47596,9.2898,0.189059,9.2898,9.2898,0.0,1.75632,55.5884,11.062647,16.294928,34.93,honest,honest
322,104.1523,104.1523,0.05,0.0,0.0,0.24109,16.887,0.229035,16.887,16.887,0.0,3.867714,4.0495,0.229035,4.0495,4.0495,0.0,0.927477,83.2158,20.062486,24.857677,20.1,honest,honest
323,106.0693,106.0693,0.05,0.0,0.0,0.21904,73.5687,0.208088,73.5687,73.5687,0.0,15.308764,4.2254,0.208088,4.2254,4.2254,0.0,0.879255,28.2752,6.193403,22.381422,73.34,honest,honest
324,104.2729,104.2729,0.05,0.0,0.0,0.21632,762.076,0.205504,104.2729,104.2729,0.0,21.428498,2.1933,0.205504,0.0,0.0,0.0,0.0,0.0,4e-06,21.428502,100.0,honest,honest
325,85.4548,85.4548,0.05,0.0,0.0,0.21338,735.4529,0.202711,85.4548,85.4548,0.0,17.322628,2.1115,0.202711,0.0,0.0,0.0,0.0,0.0,0.0,17.322628,100.0,honest,honest
326,85.4521,85.4521,0.05,0.0,0.0,0.15136,346.772,0.128656,85.4521,85.4521,0.0,10.993925,2.6063,0.143792,0.0,0.0,0.0,0.0,0.0,0.0,10.993925,100.0,honest,honest
327,85.423,85.423,0.05,0.0,0.0,0.15293,281.732,0.129991,85.423,85.423,0.0,11.104221,6.4127,0.145284,0.0,0.0,0.0,0.0,0.0,1e-06,11.104223,100.0,honest,honest
328,106.6393,106.6393,0.05,0.0,0.0,0.17411,70.0109,0.147993,70.0109,70.0109,0.0,10.361123,3.9617,0.165404,3.9617,3.9617,0.0,0.655281,32.6667,5.687607,16.704011,69.37,honest,honest
329,114.5939,114.5939,0.05,0.0,0.0,0.20714,20.177,0.196783,20.177,20.177,0.0,3.970491,3.8556,0.196783,3.8556,3.8556,0.0,0.758717,90.5613,18.758873,23.48808,20.97,honest,honest
330,114.6083,114.6083,0.05,0.0,0.0,0.3079,13.4264,0.292505,13.4264,13.4264,0.0,3.927289,16.8431,0.292505,16.8431,16.8431,0.0,4.926691,84.3388,25.967926,34.821906,26.41,honest,honest
331,96.2152,96.2152,0.05,0.0,0.0,0.30913,1.4599,0.293673,1.4599,1.4599,0.0,0.428733,10.6265,0.293673,10.6265,10.6265,0.0,3.120716,84.1288,26.006743,29.556193,12.56,honest,honest
332,96.1634,96.1634,0.05,0.0,0.0,0.28107,2.0717,0.267016,2.0717,2.0717,0.0,0.553177,13.277,0.267016,13.277,13.277,0.0,3.545171,80.8147,22.714586,26.812934,15.96,honest,honest
333,95.9874,95.9874,0.05,0.0,0.0,0.26568,0.9261,0.252396,0.9261,0.9261,0.0,0.233744,15.5953,0.252396,15.5953,15.5953,0.0,3.936191,79.466,21.112528,25.282463,17.21,honest,honest
334,95.7144,95.7144,0.05,0.0,0.0,0.19698,0.2663,0.167433,0.2663,0.2663,0.0,0.044587,22.5147,0.187131,22.5147,22.5147,0.0,4.213198,72.9334,14.366423,18.624208,23.8,honest,honest
335,97.7388,97.7388,0.05,0.0,0.0,0.19097,0.0,0.162324,0.0,0.0,0.0,0.0,22.2527,0.181421,22.2527,22.2527,0.0,4.037107,75.4861,14.415586,18.452693,22.77,honest,honest
336,55.8401,55.8401,0.05,0.0,0.0,0.15672,0.0,0.133212,0.0,0.0,0.0,0.0,29.1596,0.148884,29.1596,29.1596,0.0,4.341398,26.6805,4.181367,8.522764,52.22,honest,honest
337,36.5796,36.5796,0.05,0.0,0.0,0.14608,0.0,0.124168,0.0,0.0,0.0,0.0,41.2103,0.124168,36.5796,36.5796,0.0,4.542016,0.0,0.0,4.542016,100.0,honest,honest
338,36.6257,36.6257,0.05,0.0,0.0,0.14265,0.0,0.121252,0.0,0.0,0.0,0.0,44.272,0.121252,36.6257,36.6257,0.0,4.440939,0.0,0.0,4.440939,100.0,honest,honest
339,36.6563,36.6563,0.05,0.0,0.0,0.13952,0.0,0.118592,0.0,0.0,0.0,0.0,46.3445,0.118592,36.6563,36.6563,0.0,4.347144,0.0,0.0,4.347144,100.0,honest,honest
340,37.032,37.032,0.05,0.0,0.0,0.13936,0.0,0.118456,0.0,0.0,0.0,0.0,50.8905,0.118456,37.032,37.032,0.0,4.386663,0.0,3e-06,4.386666,100.0,honest,honest
341,56.1199,56.1199,0.05,0.0,0.0,0.13884,0.0,0.118014,0.0,0.0,0.0,0.0,26.2835,0.131898,26.2835,26.2835,0.0,3.466741,29.8364,4.142488,7.609229,46.83,honest,honest
342,96.0134,96.0134,0.05,0.0,0.0,0.15877,0.0,0.134955,0.0,0.0,0.0,0.0,29.777,0.150831,29.777,29.777,0.0,4.491295,66.2364,10.516355,15.00765,31.01,honest,honest
343,112.0194,112.0194,0.05,0.0,0.0,0.19479,2.3213,0.165571,2.3213,2.3213,0.0,0.38434,23.9984,0.18505,23.9984,23.9984,0.0,4.440904,85.6997,16.69345,21.518694,23.5,honest,honest
344,104.0955,104.0955,0.05,0.0,0.0,0.28971,4.8563,0.275224,4.8563,4.8563,0.0,1.33657,25.3049,0.275224,25.3049,25.3049,0.0,6.964516,73.9343,21.419509,29.720595,28.97,honest,honest
345,85.3786,85.3786,0.05,0.0,0.0,0.20827,1.7731,0.197856,1.7731,1.7731,0.0,0.350818,21.3254,0.197856,21.3254,21.3254,0.0,4.219358,62.2801,12.971074,17.541251,27.05,honest,honest
346,104.1334,104.1334,0.05,0.0,0.0,0.24928,15.5305,0.236816,15.5305,15.5305,0.0,3.677871,7.7335,0.236816,7.7335,7.7335,0.0,1.831417,80.8694,20.159119,25.668406,22.34,honest,honest
347,106.0556,106.0556,0.05,0.0,0.0,0.24134,24.1544,0.229273,24.1544,24.1544,0.0,5.537952,9.3133,0.229273,9.3133,9.3133,0.0,2.135288,72.5879,17.518367,25.191607,31.56,honest,honest
348,104.2533,104.2533,0.05,0.0,0.0,0.23168,581.9634,0.220096,104.2533,104.2533,0.0,22.945734,8.3403,0.220096,0.0,0.0,0.0,0.0,0.0,5e-06,22.945739,100.0,honest,honest
349,85.442,85.442,0.05,0.0,0.0,0.22724,764.3738,0.215878,85.442,85.442,0.0,18.445048,7.8958,0.215878,0.0,0.0,0.0,0.0,0.0,0.0,18.445048,100.0,honest,honest
350,85.4503,85.4502,0.05,0.0,0.0,0.15632,214.4536,0.132872,85.4502,85.4502,0.0,11.353939,9.0033,0.148504,0.0,0.0,0.0,0.0,0.0,6e-06,11.353945,100.0,honest,honest
351,85.4182,85.4182,0.05,0.0,0.0,0.15962,166.7511,0.135677,85.4182,85.4182,0.0,11.589285,9.2292,0.151639,0.0,0.0,0.0,0.0,0.0,6e-06,11.589291,100.0,honest,honest
352,106.6463,106.6463,0.05,0.0,0.0,0.17858,28.9378,0.151793,28.9378,28.9378,0.0,4.392555,11.286,0.169651,11.286,11.286,0.0,1.914681,66.4225,11.861731,18.168968,37.72,honest,honest
353,114.6007,114.6007,0.05,0.0,0.0,0.18675,0.9538,0.158738,0.9538,0.9538,0.0,0.151404,13.119,0.177413,13.119,13.119,0.0,2.327481,100.5279,18.773592,21.252477,12.28,honest,honest
354,114.613,114.613,0.05,0.0,0.0,0.28195,0.0,0.267852,0.0,0.0,0.0,0.0,14.7162,0.267852,14.7162,14.7162,0.0,3.941764,99.8968,28.165911,32.107674,12.84,honest,honest
355,96.2171,96.2171,0.05,0.0,0.0,0.2962,0.8915,0.28139,0.8915,0.8915,0.0,0.250859,18.0611,0.28139,18.0611,18.0611,0.0,5.082213,77.2645,22.885759,28.218831,19.7,honest,honest
356,96.1692,96.1692,0.05,0.0,0.0,0.28417,0.3006,0.269961,0.3006,0.3006,0.0,0.08115,21.3314,0.269961,21.3314,21.3314,0.0,5.758646,74.5372,21.181224,27.02102,22.49,honest,honest
357,95.9926,95.9926,0.05,0.0,0.0,0.26361,0.0,0.250429,0.0,0.0,0.0,0.0,25.1162,0.250429,25.1162,25.1162,0.0,6.289825,70.8764,18.683716,24.973541,26.16,honest,honest
358,95.7192,95.7192,0.05,0.0,0.0,0.18451,0.0,0.156834,0.0,0.0,0.0,0.0,27.4153,0.175285,27.4153,27.4153,0.0,4.805491,68.3039,12.602748,17.408239,28.64,honest,honest
359,97.7433,97.7433,0.05,0.0,0.0,0.16843,0.0,0.143166,0.0,0.0,0.0,0.0,25.4658,0.160008,25.4658,25.4658,0.0,4.074732,72.2775,12.173693,16.248424,26.05,honest,honest
360,55.8481,55.8481,0.05,0.0,0.0,0.15065,0.0,0.128053,0.0,0.0,0.0,0.0,34.7545,0.143118,34.7545,34.7545,0.0,4.973995,21.0936,3.177747,8.151741,62.23,honest,honest
361,36.6045,36.6045,0.05,0.0,0.0,0.1453,0.0,0.123505,0.0,0.0,0.0,0.0,61.8189,0.123505,36.6045,36.6045,0.0,4.520839,0.0,4e-06,4.520843,100.0,honest,honest
362,36.6563,36.6563,0.05,0.0,0.0,0.14193,0.0,0.12064,0.0,0.0,0.0,0.0,69.9401,0.12064,36.6563,36.6563,0.0,4.422216,0.0,0.0,4.422216,100.0,honest,honest
363,36.6887,36.6887,0.05,0.0,0.0,0.13265,0.0,0.112752,0.0,0.0,0.0,0.0,74.5924,0.112752,36.6887,36.6887,0.0,4.136724,0.0,0.0,4.136724,100.0,honest,honest
364,37.0661,37.0661,0.05,0.0,0.0,0.13274,0.0,0.112829,0.0,0.0,0.0,0.0,77.5758,0.112829,37.0661,37.0661,0.0,4.182131,0.0,0.0,4.182131,100.0,honest,honest
365,56.1379,56.1379,0.05,0.0,0.0,0.14258,0.0,0.121193,0.0,0.0,0.0,0.0,53.3002,0.135451,53.3002,53.3002,0.0,7.219565,2.8377,0.404598,7.624163,94.95,honest,honest
366,96.0278,96.0278,0.05,0.0,0.0,0.15527,0.1118,0.131979,0.1118,0.1118,0.0,0.014755,50.4463,0.147506,50.4463,50.4463,0.0,7.441132,45.4697,7.060079,14.515966,52.65,honest,honest
367,112.039,112.039,0.05,0.0,0.0,0.17304,0.2301,0.147084,0.2301,0.2301,0.0,0.033844,36.3519,0.164388,36.3519,36.3519,0.0,5.975816,75.457,13.057084,19.066744,32.65,honest,honest
368,104.1106,104.1106,0.05,0.0,0.0,0.26055,0.0,0.247522,0.0,0.0,0.0,0.0,31.0395,0.247522,31.0395,31.0395,0.0,7.682959,73.0711,19.038685,26.721644,29.81,honest,honest
369,85.3907,85.3907,0.05,0.0,0.0,0.20511,0.0754,0.194854,0.0754,0.0754,0.0,0.014692,20.3718,0.194854,20.3718,20.3718,0.0,3.969527,64.9435,13.320566,17.304784,23.95,honest,honest
370,104.147,104.147,0.05,0.0,0.0,0.23985,0.2813,0.227857,0.2813,0.2813,0.0,0.064096,32.6584,0.227857,32.6584,32.6584,0.0,7.441445,71.2073,17.079068,24.584609,31.63,honest,honest
371,106.0685,106.0685,0.05,0.0,0.0,0.22198,166.1582,0.210881,106.0685,106.0685,0.0,22.367831,26.7497,0.210881,0.0,0.0,0.0,0.0,0.0,0.0,22.367831,100.0,honest,honest
372,104.2691,104.2691,0.05,0.0,0.0,0.22403,260.9347,0.212829,104.2691,104.2691,0.0,22.191488,21.4621,0.212829,0.0,0.0,0.0,0.0,0.0,4e-06,22.191492,100.0,honest,honest
373,85.4637,85.4637,0.05,0.0,0.0,0.227,204.7223,0.21565,85.4637,85.4637,0.0,18.430247,17.1625,0.21565,0.0,0.0,0.0,0.0,0.0,0.0,18.430247,100.0,honest,honest
374,85.4616,85.4616,0.05,0.0,0.0,0.15566,217.9439,0.132311,85.4616,85.4616,0.0,11.30751,9.6886,0.147877,0.0,0.0,0.0,0.0,0.0,1e-06,11.307511,100.0,honest,honest
375,85.4294,85.4294,0.05,0.0,0.0,0.16131,41.9281,0.137113,41.9281,41.9281,0.0,5.748888,11.5624,0.153245,11.5624,11.5624,0.0,1.77188,31.9389,5.152059,12.672826,62.61,honest,honest
376,106.6598,106.6598,0.05,0.0,0.0,0.16198,3.2901,0.137683,3.2901,3.2901,0.0,0.452991,13.1075,0.153881,13.1075,13.1075,0.0,2.016995,90.2622,14.620677,17.090664,15.37,honest,honest
377,114.6091,114.6091,0.05,0.0,0.0,0.19385,0.3042,0.164772,0.3042,0.3042,0.0,0.050124,13.4218,0.184157,13.4218,13.4218,0.0,2.471718,100.8831,19.55619,22.078033,11.98,honest,honest
378,114.6221,114.6221,0.05,0.0,0.0,0.30512,0.0,0.289864,0.0,0.0,0.0,0.0,12.1652,0.289864,12.1652,12.1652,0.0,3.526254,102.4569,31.261636,34.78789,10.61,honest,honest
379,96.2321,96.2321,0.05,0.0,0.0,0.30017,0.0,0.285161,0.0,0.0,0.0,0.0,18.7375,0.285161,18.7375,18.7375,0.0,5.343204,77.4946,23.261566,28.60477,19.47,honest,honest
380,96.1846,96.1846,0.05,0.0,0.0,0.27631,0.7804,0.262494,0.7804,0.7804,0.0,0.20485,26.8311,0.262494,26.8311,26.8311,0.0,7.043003,68.5731,18.947446,26.195299,28.71,honest,honest
381,96.0081,96.0081,0.05,0.0,0.0,0.26356,0.0319,0.250382,0.0319,0.0319,0.0,0.007987,18.7322,0.250382,18.7322,18.7322,0.0,4.690206,77.244,20.358417,25.05661,19.54,honest,honest
382,95.7302,95.7302,0.05,0.0,0.0,0.18422,0.01,0.156587,0.01,0.01,0.0,0.001566,22.2763,0.175009,22.2763,22.2763,0.0,3.898553,73.4439,13.529833,17.429952,23.28,honest,honest
383,97.7503,97.7503,0.05,0.0,0.0,0.17157,0.0,0.145835,0.0,0.0,0.0,0.0,18.9022,0.162991,18.9022,18.9022,0.0,3.080888,78.8481,13.527961,16.608849,19.34,honest,honest
384,55.8541,55.8541,0.05,0.0,0.0,0.14827,0.0,0.12603,0.0,0.0,0.0,0.0,18.6183,0.140856,18.6183,18.6183,0.0,2.622499,37.2358,5.520955,8.143454,33.33,honest,honest
385,36.6216,36.6216,0.05,0.0,0.0,0.14583,0.0,0.123955,0.0,0.0,0.0,0.0,33.326,0.123955,33.326,33.326,0.0,4.130924,3.2956,0.480603,4.611527,91.0,honest,honest
386,36.6809,36.6809,0.05,0.0,0.0,0.14314,0.0,0.121669,0.0,0.0,0.0,0.0,24.7191,0.121669,24.7191,24.7191,0.0,3.007548,11.9618,1.712217,4.719765,67.39,honest,honest
387,36.7162,36.7162,0.05,0.0,0.0,0.13978,0.0,0.118813,0.0,0.0,0.0,0.0,21.4747,0.118813,21.4747,21.4747,0.0,2.551474,15.2415,2.130463,4.681937,58.49,honest,honest
388,38.3826,38.3826,0.05,0.0,0.0,0.13984,0.0,0.118864,0.0,0.0,0.0,0.0,31.7865,0.118864,31.7865,31.7865,0.0,3.778271,6.5961,0.922395,4.700666,82.81,honest,honest
389,57.431,57.431,0.05,0.0,0.0,0.14254,0.0,0.121159,0.0,0.0,0.0,0.0,15.8325,0.135413,15.8325,15.8325,0.0,2.143926,41.5985,5.929456,8.073383,27.57,honest,honest
390,96.6365,96.6365,0.05,0.0,0.0,0.16109,0.0,0.136927,0.0,0.0,0.0,0.0,13.923,0.153035,13.923,13.923,0.0,2.130706,82.7135,13.324317,15.455023,14.41,honest,honest
391,112.1046,112.1046,0.05,0.0,0.0,0.17535,0.0,0.149047,0.0,0.0,0.0,0.0,15.7406,0.166582,15.7406,15.7406,0.0,2.622101,96.364,16.897431,19.519531,14.04,honest,honest
392,104.1653,104.1653,0.05,0.0,0.0,0.25766,0.0848,0.244777,0.0848,0.0848,0.0,0.020757,17.4044,0.244777,17.4044,17.4044,0.0,4.260197,86.6761,22.332964,26.613918,16.79,honest,honest
393,85.4402,85.4402,0.05,0.0,0.0,0.2039,0.0,0.193705,0.0,0.0,0.0,0.0,19.6224,0.193705,19.6224,19.6224,0.0,3.800957,65.8178,13.420248,17.221205,22.97,honest,honest
394,104.1815,104.1815,0.05,0.0,0.0,0.23839,0.8861,0.22647,0.8861,0.8861,0.0,0.200675,21.1879,0.22647,21.1879,21.1879,0.0,4.798424,82.1075,19.573602,24.572701,21.19,honest,honest
395,106.0938,106.0938,0.05,0.0,0.0,0.2225,312.209,0.211375,106.0938,106.0938,0.0,22.425577,23.2924,0.211375,0.0,0.0,0.0,0.0,0.0,0.0,22.425577,100.0,honest,honest
396,104.298,104.298,0.05,0.0,0.0,0.2232,436.7056,0.21204,104.298,104.298,0.0,22.115348,24.5566,0.21204,0.0,0.0,0.0,0.0,0.0,0.0,22.115348,100.0,honest,honest
397,85.4891,85.489,0.05,0.0,0.0,0.21251,509.5514,0.201884,85.489,85.489,0.0,17.258861,28.9225,0.201884,0.0,0.0,0.0,0.0,0.0,9e-06,17.25887,100.0,honest,honest
398,85.4842,85.4842,0.05,0.0,0.0,0.1441,556.5692,0.122485,85.4842,85.4842,0.0,10.470532,28.1236,0.136895,0.0,0.0,0.0,0.0,0.0,2e-06,10.470534,100.0,honest,honest
399,85.4292,85.4292,0.05,0.0,0.0,0.15569,432.7878,0.132336,85.4292,85.4292,0.0,11.305359,27.3827,0.147905,0.0,0.0,0.0,0.0,0.0,0.0,11.305359,100.0,honest,honest
400,106.647,106.647,0.05,0.0,0.0,0.15954,68.7265,0.135609,68.7265,68.7265,0.0,9.319932,32.7558,0.151563,32.7558,32.7558,0.0,4.964567,5.1647,0.823972,15.108471,95.16,honest,honest
401,114.6048,114.6048,0.05,0.0,0.0,0.1906,0.8805,0.16201,0.8805,0.8805,0.0,0.14265,34.3732,0.18107,34.3732,34.3732,0.0,6.223955,79.3511,15.124318,21.490923,30.76,honest,honest
402,114.6189,114.6189,0.05,0.0,0.0,0.29478,0.0579,0.280041,0.0579,0.0579,0.0,0.016214,41.9269,0.280041,41.9269,41.9269,0.0,11.741251,72.6341,21.411089,33.168555,36.63,honest,honest
403,95.8641,95.8641,0.05,0.0,0.0,0.29371,1.4319,0.279025,1.4319,1.4319,0.0,0.399536,41.5902,0.279025,41.5902,41.5902,0.0,11.604706,52.842,15.520235,27.524476,44.88,honest,honest
404,95.8328,95.8328,0.05,0.0,0.0,0.27398,1.6049,0.260281,1.6049,1.6049,0.0,0.417725,42.0864,0.260281,42.0864,42.0864,0.0,10.95429,52.1415,14.285722,25.657737,45.59,honest,honest
405,95.7293,95.7293,0.05,0.0,0.0,0.26913,0.231,0.255673,0.231,0.231,0.0,0.05906,44.1147,0.255673,44.1147,44.1147,0.0,11.278938,51.3836,13.828865,25.166863,46.32,honest,honest
406,95.711,95.711,0.05,0.0,0.0,0.18863,0.1987,0.160335,0.1987,0.1987,0.0,0.031859,42.5417,0.179198,42.5417,42.5417,0.0,7.623388,52.9706,9.991846,17.647092,44.66,honest,honest
407,97.7315,97.7315,0.05,0.0,0.0,0.18664,0.0,0.158644,0.0,0.0,0.0,0.0,40.8361,0.177308,40.8361,40.8361,0.0,7.240567,56.8954,10.618953,17.85952,41.78,honest,honest
408,55.8274,55.8274,0.05,0.0,0.0,0.16101,0.0,0.136858,0.0,0.0,0.0,0.0,44.4089,0.152959,44.4089,44.4089,0.0,6.792741,11.4185,1.838498,8.631239,79.55,honest,honest
409,36.5623,36.5623,0.05,0.0,0.0,0.15763,0.0,0.133985,0.0,0.0,0.0,0.0,45.887,0.133985,36.5623,36.5623,0.0,4.8988,0.0,0.0,4.8988,100.0,honest,honest
410,36.6031,36.6031,0.05,0.0,0.0,0.16022,0.0,0.136187,0.0,0.0,0.0,0.0,46.1666,0.136187,36.6031,36.6031,0.0,4.984866,0.0,0.0,4.984866,100.0,honest,honest
411,36.626,36.626,0.05,0.0,0.0,0.15237,0.0,0.129515,0.0,0.0,0.0,0.0,43.5596,0.129515,36.626,36.626,0.0,4.743616,0.0,0.0,4.743616,100.0,honest,honest
412,36.9961,36.9961,0.05,0.0,0.0,0.14428,0.0,0.122638,0.0,0.0,0.0,0.0,40.8823,0.122638,36.9961,36.9961,0.0,4.537128,0.0,0.0,4.537128,100.0,honest,honest
413,56.0878,56.0878,0.05,0.0,0.0,0.14773,0.0,0.125571,0.0,0.0,0.0,0.0,28.9436,0.140343,28.9436,28.9436,0.0,4.062032,27.1442,4.010016,8.072048,51.6,honest,honest
414,95.9919,95.9919,0.05,0.0,0.0,0.14657,0.3403,0.124585,0.3403,0.3403,0.0,0.042396,28.9065,0.139241,28.9065,28.9065,0.0,4.02497,66.7451,9.782828,13.850194,30.47,honest,honest
415,112.0167,112.0167,0.05,0.0,0.0,0.15907,0.0,0.135209,0.0,0.0,0.0,0.0,23.632,0.151116,23.632,23.632,0.0,3.571173,88.3847,14.059349,17.630522,21.1,honest,honest
416,104.0892,104.0892,0.05,0.0,0.0,0.17047,0.0,0.1449,0.0,0.0,0.0,0.0,21.0133,0.161946,21.0133,21.0133,0.0,3.40302,83.0759,14.161946,17.564965,20.19,honest,honest
417,85.3693,85.3693,0.05,0.0,0.0,0.16877,0.09,0.143455,0.09,0.09,0.0,0.012911,16.0457,0.160331,16.0457,16.0457,0.0,2.572623,69.2336,11.684561,14.270095,18.9,honest,honest
418,104.0934,104.0934,0.05,0.0,0.0,0.15297,2.4742,0.130024,2.4742,2.4742,0.0,0.321705,10.4737,0.145321,10.4737,10.4737,0.0,1.522049,91.1455,13.942522,15.786276,12.44,honest,honest
419,106.0231,106.0231,0.05,0.0,0.0,0.12795,16.657,0.108758,16.657,16.657,0.0,1.811582,7.2619,0.121553,7.2619,7.2619,0.0,0.882706,82.1042,10.505228,13.199515,22.56,honest,honest
420,104.2177,104.2177,0.05,0.0,0.0,0.1304,32.3736,0.11084,32.3736,32.3736,0.0,3.58829,4.7775,0.12388,4.7775,4.7775,0.0,0.591837,67.0666,8.74548,12.925606,35.65,honest,honest
421,85.4096,85.4096,0.05,0.0,0.0,0.13017,196.1118,0.110645,85.4096,85.4096,0.0,9.450145,5.4428,0.123662,0.0,0.0,0.0,0.0,0.0,3e-06,9.450148,100.0,honest,honest
422,85.4119,85.4119,0.05,0.0,0.0,0.13093,210.6692,0.11129,85.4119,85.4119,0.0,9.50549,4.7946,0.124383,0.0,0.0,0.0,0.0,0.0,3e-06,9.505494,100.0,honest,honest
423,85.3816,85.3816,0.05,0.0,0.0,0.13429,139.4621,0.114146,85.3816,85.3816,0.0,9.745968,10.1682,0.127575,0.0,0.0,0.0,0.0,0.0,2e-06,9.74597,100.0,honest,honest
424,106.5919,106.5919,0.05,0.0,0.0,0.14303,7.9998,0.121575,7.9998,7.9998,0.0,0.972576,5.1462,0.135878,5.1462,5.1462,0.0,0.699255,93.4459,13.365566,15.037397,12.33,honest,honest
425,114.5516,114.5516,0.05,0.0,0.0,0.17045,0.5775,0.144882,0.5775,0.5775,0.0,0.083669,5.1839,0.161927,5.1839,5.1839,0.0,0.839413,108.7902,18.543291,19.466374,5.03,honest,honest
426,114.5681,114.5681,0.05,0.0,0.0,0.19379,2.1185,0.164721,2.1185,2.1185,0.0,0.348961,4.9834,0.1841,4.9834,4.9834,0.0,0.917444,107.4662,20.82588,22.092285,6.2,honest,honest
427,96.1771,96.1771,0.05,0.0,0.0,0.19396,0.2397,0.164866,0.2397,0.2397,0.0,0.039518,6.6213,0.184262,6.6213,6.6213,0.0,1.220054,89.3161,17.32376,18.583333,7.13,honest,honest
428,96.1313,96.1313,0.05,0.0,0.0,0.18,0.2397,0.153,0.2397,0.2397,0.0,0.036674,15.812,0.171,15.812,15.812,0.0,2.703852,80.0796,14.41433,17.154857,16.7,honest,honest
429,95.9583,95.9583,0.05,0.0,0.0,0.17532,0.0,0.149022,0.0,0.0,0.0,0.0,7.3215,0.166554,7.3215,7.3215,0.0,1.219425,88.6368,15.539808,16.759233,7.63,honest,honest
430,95.6865,95.6865,0.05,0.0,0.0,0.17392,0.0073,0.147832,0.0073,0.0073,0.0,0.001079,15.862,0.165224,15.862,15.862,0.0,2.620783,79.8172,13.881807,16.50367,16.58,honest,honest
431,97.7124,97.7124,0.05,0.0,0.0,0.16962,0.0,0.144177,0.0,0.0,0.0,0.0,11.9793,0.161139,11.9793,11.9793,0.0,1.930332,85.7331,14.542044,16.472377,12.26,honest,honest
432,55.8074,55.8074,0.05,0.0,0.0,0.16408,0.0,0.139468,0.0,0.0,0.0,0.0,6.7722,0.155876,6.7722,6.7722,0.0,1.055623,49.0352,8.045691,9.101314,12.13,honest,honest
433,36.519,36.519,0.05,0.0,0.0,0.15797,0.0,0.134274,0.0,0.0,0.0,0.0,8.1167,0.134274,8.1167,8.1167,0.0,1.089862,28.4023,4.486712,5.576574,22.23,honest,honest
434,36.5544,36.5544,0.05,0.0,0.0,0.15737,0.0,0.133765,0.0,0.0,0.0,0.0,10.7345,0.133765,10.7345,10.7345,0.0,1.4359,25.8199,4.063283,5.499183,29.37,honest,honest
435,36.5857,36.5857,0.05,0.0,0.0,0.15631,0.0,0.132863,0.0,0.0,0.0,0.0,12.4163,0.132863,12.4163,12.4163,0.0,1.649667,24.1694,3.777925,5.427592,33.94,honest,honest
436,36.9625,36.9625,0.05,0.0,0.0,0.15547,0.0,0.13215,0.0,0.0,0.0,0.0,12.507,0.13215,12.507,12.507,0.0,1.6528,24.4555,3.802093,5.454893,33.84,honest,honest
437,56.0698,56.0698,0.05,0.0,0.0,0.15488,0.0,0.131648,0.0,0.0,0.0,0.0,9.4857,0.147136,9.4857,9.4857,0.0,1.395688,46.5841,7.214938,8.610626,16.92,honest,honest
438,95.9844,95.9844,0.05,0.0,0.0,0.15568,0.0,0.132328,0.0,0.0,0.0,0.0,14.5985,0.147896,14.5985,14.5985,0.0,2.15906,81.3859,12.670149,14.829209,15.21,honest,honest
439,112.0115,112.0115,0.05,0.0,0.0,0.15604,0.0,0.132634,0.0,0.0,0.0,0.0,10.1696,0.148238,10.1696,10.1696,0.0,1.507521,101.8419,15.891407,17.398928,9.08,honest,honest
440,104.0853,104.0853,0.05,0.0,0.0,0.15257,0.4928,0.129685,0.4928,0.4928,0.0,0.063909,15.1947,0.144942,15.1947,15.1947,0.0,2.20235,88.3978,13.486848,15.753107,15.07,honest,honest
441,85.3656,85.3656,0.05,0.0,0.0,0.15897,0.355,0.135125,0.355,0.355,0.0,0.047969,24.9581,0.151022,24.9581,24.9581,0.0,3.769222,60.0525,9.546553,13.363745,29.65,honest,honest
442,104.0915,104.0915,0.05,0.0,0.0,0.12781,1.5804,0.108638,1.5804,1.5804,0.0,0.171691,12.0287,0.121419,12.0287,12.0287,0.0,1.460513,90.4824,11.564559,13.196764,13.07,honest,honest
443,106.0198,106.0198,0.05,0.0,0.0,0.12672,188.5475,0.107712,106.0198,106.0198,0.0,11.419605,14.9029,0.120384,0.0,0.0,0.0,0.0,0.0,0.0,11.419605,100.0,honest,honest
444,104.2136,104.2136,0.05,0.0,0.0,0.12212,536.6648,0.103802,104.2136,104.2136,0.0,10.81758,13.0175,0.116014,0.0,0.0,0.0,0.0,0.0,0.0,10.81758,100.0,honest,honest
445,85.4069,85.4068,0.05,0.0,0.0,0.12648,546.4794,0.107508,85.4068,85.4068,0.0,9.181914,10.375,0.120156,0.0,0.0,0.0,0.0,0.0,5e-06,9.181919,100.0,honest,honest
446,85.4122,85.4122,0.05,0.0,0.0,0.1262,208.6175,0.10727,85.4122,85.4122,0.0,9.162167,9.7027,0.11989,0.0,0.0,0.0,0.0,0.0,0.0,9.162167,100.0,honest,honest
447,85.3833,85.3833,0.05,0.0,0.0,0.13054,88.027,0.110959,85.3833,85.3833,0.0,9.474046,8.7523,0.124013,0.0,0.0,0.0,0.0,0.0,0.0,9.474046,100.0,honest,honest
448,106.5975,106.5974,0.05,0.0,0.0,0.1419,2.5656,0.120615,2.5656,2.5656,0.0,0.30945,7.3499,0.134805,7.3499,7.3499,0.0,0.990803,96.6819,13.719168,15.019421,9.3,honest,honest
449,114.5564,114.5564,0.05,0.0,0.0,0.16833,1.4167,0.14308,1.4167,1.4167,0.0,0.202701,6.1293,0.159913,6.1293,6.1293,0.0,0.980155,107.0104,18.013053,19.195909,6.59,honest,honest
450,114.575,114.575,0.05,0.0,0.0,0.19025,0.0,0.161713,0.0,0.0,0.0,0.0,15.2827,0.180737,15.2827,15.2827,0.0,2.762149,99.2923,18.890365,21.652514,13.34,honest,honest
451,96.1839,96.1839,0.05,0.0,0.0,0.18632,4.2753,0.158372,4.2753,4.2753,0.0,0.677088,10.3077,0.177004,10.3077,10.3077,0.0,1.824504,81.6009,15.203883,17.705475,15.16,honest,honest
452,96.1393,96.1393,0.05,0.0,0.0,0.17958,5.1247,0.152643,5.1247,5.1247,0.0,0.78225,9.5955,0.170601,9.5955,9.5955,0.0,1.637002,81.4191,14.62125,17.040501,15.31,honest,honest
453,95.9677,95.9677,0.05,0.0,0.0,0.18133,0.2806,0.15413,0.2806,0.2806,0.0,0.043249,11.4836,0.172263,11.4836,11.4836,0.0,1.978199,84.2035,15.26862,17.290068,12.26,honest,honest
454,95.6974,95.6974,0.05,0.0,0.0,0.16766,0.3732,0.142511,0.3732,0.3732,0.0,0.053185,11.4754,0.159277,11.4754,11.4754,0.0,1.827767,83.8488,14.058091,15.939043,12.38,honest,honest
455,97.723,97.723,0.05,0.0,0.0,0.15056,0.2422,0.127976,0.2422,0.2422,0.0,0.030996,13.2686,0.143032,13.2686,13.2686,0.0,1.897834,84.2122,12.678992,14.607823,13.83,honest,honest
456,55.8222,55.8222,0.05,0.0,0.0,0.14266,0.0083,0.121261,0.0083,0.0083,0.0,0.001006,19.6547,0.135527,19.6547,19.6547,0.0,2.663743,36.1592,5.158465,7.823214,35.22,honest,honest
457,36.5445,36.5445,0.05,0.0,0.0,0.14092,0.0,0.119782,0.0,0.0,0.0,0.0,23.683,0.119782,23.683,23.683,0.0,2.836797,12.8615,1.812447,4.649244,64.81,honest,honest
458,36.5855,36.5855,0.05,0.0,0.0,0.13962,0.0,0.118677,0.0,0.0,0.0,0.0,12.7338,0.118677,12.7338,12.7338,0.0,1.511209,23.8517,3.330179,4.841389,34.81,honest,honest
459,36.619,36.619,0.05,0.0,0.0,0.13763,0.0,0.116985,0.0,0.0,0.0,0.0,13.8475,0.116985,13.8475,13.8475,0.0,1.61995,22.7715,3.134036,4.753985,37.82,honest,honest
460,38.2876,38.2876,0.05,0.0,0.0,0.13822,0.0,0.117487,0.0,0.0,0.0,0.0,12.2318,0.117487,12.2318,12.2318,0.0,1.437077,26.0558,3.601426,5.038504,31.95,honest,honest
461,57.3791,57.3791,0.05,0.0,0.0,0.13791,0.0,0.117223,0.0,0.0,0.0,0.0,18.264,0.131015,18.264,18.264,0.0,2.392858,39.1151,5.394365,7.787222,31.83,honest,honest
462,96.5727,96.5727,0.05,0.0,0.0,0.16153,0.4585,0.1373,0.4585,0.4585,0.0,0.062952,16.9769,0.153453,16.9769,16.9769,0.0,2.605156,79.1373,12.783055,15.451163,18.05,honest,honest
463,112.0283,112.0283,0.05,0.0,0.0,0.17423,1.0344,0.148095,1.0344,1.0344,0.0,0.153189,14.5864,0.165518,14.5864,14.5864,0.0,2.414312,96.4075,16.797087,19.364589,13.94,honest,honest
464,104.0988,104.0988,0.05,0.0,0.0,0.20038,2.9755,0.190361,2.9755,2.9755,0.0,0.566419,20.8732,0.190361,20.8732,20.8732,0.0,3.973443,80.2501,16.080507,20.62037,22.91,honest,honest
465,85.3831,85.3831,0.05,0.0,0.0,0.19994,8.3244,0.169949,8.3244,8.3244,0.0,1.414723,20.2924,0.189943,20.2924,20.2924,0.0,3.854399,56.7663,11.34985,16.618973,33.52,honest,honest
466,104.1118,104.1118,0.05,0.0,0.0,0.26348,2.7672,0.250306,2.7672,2.7672,0.0,0.692647,16.6393,0.250306,16.6393,16.6393,0.0,4.164917,84.7053,22.318142,27.175706,18.64,honest,honest
467,106.0444,106.0444,0.05,0.0,0.0,0.26861,145.8208,0.25518,106.0444,106.0444,0.0,27.06041,15.1209,0.25518,0.0,0.0,0.0,0.0,0.0,0.0,27.06041,100.0,honest,honest
468,104.2475,104.2474,0.05,0.0,0.0,0.26482,853.8337,0.251579,104.2474,104.2474,0.0,26.226457,17.1118,0.251579,0.0,0.0,0.0,0.0,0.0,6e-06,26.226463,100.0,honest,honest
469,85.4314,85.4314,0.05,0.0,0.0,0.26273,775.2844,0.249593,85.4314,85.4314,0.0,21.323079,15.0095,0.249593,0.0,0.0,0.0,0.0,0.0,1.2e-05,21.323092,100.0,honest,honest
470,85.4307,85.4307,0.05,0.0,0.0,0.19808,599.4546,0.168368,85.4307,85.4307,0.0,14.383796,23.6195,0.188176,0.0,0.0,0.0,0.0,0.0,0.0,14.383796,100.0,honest,honest
471,85.3992,85.3992,0.05,0.0,0.0,0.19987,375.6789,0.169889,85.3992,85.3992,0.0,14.508385,16.3698,0.189876,0.0,0.0,0.0,0.0,0.0,0.0,14.508385,100.0,honest,honest
472,106.6218,106.6218,0.05,0.0,0.0,0.19851,47.239,0.168733,47.239,47.239,0.0,7.970778,14.9838,0.188584,14.9838,14.9838,0.0,2.825705,44.399,8.813636,19.61012,58.36,honest,honest
473,114.5779,114.5779,0.05,0.0,0.0,0.19769,0.0,0.168037,0.0,0.0,0.0,0.0,17.4092,0.187805,17.4092,17.4092,0.0,3.269535,97.1687,19.20929,22.478824,15.19,honest,honest
474,114.6029,114.6029,0.05,0.0,0.0,0.26691,0.0527,0.253564,0.0527,0.0527,0.0,0.013363,26.6272,0.253564,26.6272,26.6272,0.0,6.751699,87.923,23.467534,30.232596,23.28,honest,honest
475,95.8504,95.8504,0.05,0.0,0.0,0.27185,3.4614,0.258257,3.4614,3.4614,0.0,0.893931,21.9406,0.258257,21.9406,21.9406,0.0,5.666314,70.4484,19.151394,25.711639,26.5,honest,honest
476,95.8287,95.8287,0.05,0.0,0.0,0.28033,0.0887,0.266314,0.0887,0.0887,0.0,0.023622,24.5524,0.266314,24.5524,24.5524,0.0,6.538648,71.1876,19.956016,26.518286,25.71,honest,honest
477,95.7306,95.7306,0.05,0.0,0.0,0.28675,0.1696,0.272413,0.1696,0.1696,0.0,0.046201,12.9671,0.272413,12.9671,12.9671,0.0,3.532407,82.5939,23.683792,27.262399,13.72,honest,honest
478,95.7141,95.7141,0.05,0.0,0.0,0.20253,0.0298,0.192403,0.0298,0.0298,0.0,0.005734,10.8623,0.192403,10.8623,10.8623,0.0,2.089939,84.822,17.179009,19.274682,11.38,honest,honest
479,97.7387,97.7387,0.05,0.0,0.0,0.18695,0.0,0.158908,0.0,0.0,0.0,0.0,11.6071,0.177602,11.6071,11.6071,0.0,2.061444,86.1316,16.102307,18.163751,11.88,honest,honest
480,55.8409,55.8409,0.05,0.0,0.0,0.1618,0.0,0.13753,0.0,0.0,0.0,0.0,25.1165,0.15371,25.1165,25.1165,0.0,3.860657,30.7244,4.971206,8.831863,44.98,honest,honest
481,36.5895,36.5895,0.05,0.0,0.0,0.15653,0.0,0.13305,0.0,0.0,0.0,0.0,14.1345,0.13305,14.1345,14.1345,0.0,1.880595,22.455,3.514878,5.395473,38.63,honest,honest
482,36.6424,36.6424,0.05,0.0,0.0,0.15011,0.0,0.127593,0.0,0.0,0.0,0.0,22.285,0.127593,22.285,22.285,0.0,2.84341,14.3574,2.15519,4.9986,60.82,honest,honest
483,36.6776,36.6776,0.05,0.0,0.0,0.13937,0.0,0.118464,0.0,0.0,0.0,0.0,7.6444,0.118464,7.6444,7.6444,0.0,0.905586,29.0332,4.046355,4.951942,20.84,honest,honest
484,37.0578,37.0578,0.05,0.0,0.0,0.13761,0.0,0.116969,0.0,0.0,0.0,0.0,7.0582,0.116969,7.0582,7.0582,0.0,0.825591,29.9996,4.128245,4.953836,19.05,honest,honest
485,56.1386,56.1386,0.05,0.0,0.0,0.14558,0.0,0.123743,0.0,0.0,0.0,0.0,7.5551,0.138301,7.5551,7.5551,0.0,1.044878,48.5835,7.072786,8.117663,13.46,honest,honest
486,96.0346,96.0346,0.05,0.0,0.0,0.16282,0.0,0.138397,0.0,0.0,0.0,0.0,4.9221,0.154679,4.9221,4.9221,0.0,0.761346,91.1125,14.834931,15.596276,5.13,honest,honest
487,112.058,112.058,0.05,0.0,0.0,0.16928,0.0,0.143888,0.0,0.0,0.0,0.0,7.968,0.160816,7.968,7.968,0.0,1.281382,104.09,17.620354,18.901736,7.11,honest,honest
488,104.1377,104.1377,0.05,0.0,0.0,0.20791,0.0,0.197515,0.0,0.0,0.0,0.0,6.3108,0.197515,6.3108,6.3108,0.0,1.246478,97.8269,20.339189,21.585666,6.06,honest,honest
489,85.436,85.436,0.05,0.0,0.0,0.20295,0.1701,0.192802,0.1701,0.1701,0.0,0.032796,6.3589,0.192802,6.3589,6.3589,0.0,1.226009,78.907,16.014172,17.272977,7.64,honest,honest
490,104.1802,104.1802,0.05,0.0,0.0,0.25905,2.1606,0.246097,2.1606,2.1606,0.0,0.531717,6.8923,0.246097,6.8923,6.8923,0.0,1.696174,95.1273,24.64274,26.870631,8.69,honest,honest
491,106.0846,106.0846,0.05,0.0,0.0,0.25712,53.8662,0.244264,53.8662,53.8662,0.0,13.157573,8.7683,0.244264,8.7683,8.7683,0.0,2.14178,43.4501,11.171888,26.471241,59.04,honest,honest
492,104.2673,104.2673,0.05,0.0,0.0,0.25372,62.3537,0.241034,62.3537,62.3537,0.0,15.029362,8.3464,0.241034,8.3464,8.3464,0.0,2.011766,33.5672,8.516665,25.557793,67.81,honest,honest
493,85.4453,85.4453,0.05,0.0,0.0,0.25048,51.8246,0.237956,51.8246,51.8246,0.0,12.331975,7.2897,0.237956,7.2897,7.2897,0.0,1.734628,26.331,6.5954,20.662002,69.18,honest,honest
494,85.4441,85.4441,0.05,0.0,0.0,0.17912,108.7797,0.152252,85.4441,85.4441,0.0,13.009035,6.8825,0.170164,0.0,0.0,0.0,0.0,0.0,2e-06,13.009037,100.0,honest,honest
495,85.4117,85.4117,0.05,0.0,0.0,0.17717,43.0004,0.150594,43.0004,43.0004,0.0,6.475602,8.356,0.168311,8.356,8.356,0.0,1.406407,34.0553,6.033571,13.91558,60.13,honest,honest
496,106.6157,106.6157,0.05,0.0,0.0,0.18972,3.5974,0.161262,3.5974,3.5974,0.0,0.580124,5.8086,0.180234,5.8086,5.8086,0.0,1.046907,97.2097,18.442615,20.069646,8.82,honest,honest
497,114.5685,114.5685,0.05,0.0,0.0,0.1919,0.1016,0.163115,0.1016,0.1016,0.0,0.016572,4.8137,0.182305,4.8137,4.8137,0.0,0.877562,109.6532,21.042454,21.936588,4.29,honest,honest
498,114.5793,114.5793,0.05,0.0,0.0,0.26212,0.1739,0.249014,0.1739,0.1739,0.0,0.043304,5.813,0.249014,5.813,5.813,0.0,1.447518,108.5924,28.464253,29.955074,5.23,honest,honest
499,96.1856,96.1856,0.05,0.0,0.0,0.27825,1.2067,0.264338,1.2067,1.2067,0.0,0.318977,8.3845,0.264338,8.3845,8.3845,0.0,2.216342,86.5944,24.094881,26.6302,9.97,honest,honest
