timestep,demand_kw,import_price_eur_kwh,solar_declared_kw,solar_price_eur_kwh,solar_allocated_kw,solar_delivered_kw,solar_shortfall_kw,solar_cost_eur,wind_declared_kw,wind_price_eur_kwh,wind_allocated_kw,wind_delivered_kw,wind_shortfall_kw,wind_cost_eur,grid_purchased_kw,grid_cost_eur,total_cost_eur,renewable_coverage_pct
0,22.3215,0.18279,1.7536,0.146232,1.7536,1.3489,0.4047,0.197252,10.5726,0.173651,10.5726,10.5726,0.0,1.835943,10.4,1.901023,3.934218,53.41
1,14.6444,0.18319,0.0,0.146552,0.0,0.0,0.0,0.0,9.69,0.17403,9.69,9.69,0.0,1.686351,4.9544,0.907605,2.593955,66.17
2,14.6646,0.18874,0.0,0.160429,0.0,0.0,0.0,0.0,8.5297,0.179303,8.5297,8.5297,0.0,1.529401,6.1349,1.157907,2.687308,58.17
3,14.6762,0.18777,0.0,0.178381,0.0,0.0,0.0,0.0,7.4627,0.178381,7.4627,7.4627,0.0,1.331204,7.2135,1.354472,2.685676,50.85
4,14.8265,0.18019,0.0,0.144152,0.0,0.0,0.0,0.0,9.8677,0.17118,9.8677,9.8677,0.0,1.689153,4.9588,0.893517,2.58267,66.55
5,22.4553,0.1723,0.0,0.146455,0.0,0.0,0.0,0.0,9.1126,0.163685,9.1126,9.1126,0.0,1.491596,13.3427,2.298954,3.79055,40.58
6,38.4123,0.17128,2.975,0.145588,2.975,2.975,0.0,0.433124,28.5351,0.137024,28.5351,21.9501,6.585,3.007691,13.4872,2.310093,5.750908,64.89
7,44.8175,0.1679,2.6177,0.142715,2.6177,2.6177,0.0,0.373585,37.989,0.13432,37.989,29.2223,8.7667,3.925139,12.9775,2.178915,6.47764,71.04
8,41.6482,0.16598,12.257,0.141083,12.257,12.257,0.0,1.729254,24.2352,0.157681,24.2352,24.2352,0.0,3.821431,5.156,0.855786,6.406471,87.62
9,34.1588,0.42315,3.2342,0.401993,3.2342,3.2342,0.0,1.300126,23.769,0.359678,23.769,23.769,0.0,8.549186,7.1556,3.027899,12.877211,79.05
10,41.6652,0.07495,35.1806,0.05996,35.1806,27.062,8.1186,1.622638,20.7024,0.063708,6.4846,6.4846,0.0,0.413121,8.1186,0.608486,2.644244,80.51
11,42.43,0.04975,247.9951,0.042287,42.43,42.43,0.0,1.794237,18.8224,0.042287,0.0,0.0,0.0,0.0,0.0,0.0,1.794237,100.0
12,41.7093,0.04581,979.9141,0.038938,41.7093,41.7093,0.0,1.624077,20.259,0.038938,0.0,0.0,0.0,0.0,0.0,0.0,1.624077,100.0
13,34.1887,0.05157,879.7133,0.041256,34.1887,34.1887,0.0,1.410489,14.9793,0.043834,0.0,0.0,0.0,0.0,0.0,0.0,1.410489,100.0
14,34.1945,0.04173,207.5242,0.035471,34.1945,34.1945,0.0,1.212913,22.6166,0.035471,0.0,0.0,0.0,0.0,0.0,0.0,1.212913,100.0
15,34.1864,0.02912,156.5906,0.023296,34.1864,34.1864,0.0,0.796406,23.8753,0.024752,0.0,0.0,0.0,0.0,0.0,1e-06,0.796407,100.0
16,43.744,0.14906,34.8514,0.126701,10.0367,10.0367,0.0,1.27166,33.7073,0.119248,33.7073,25.9287,7.7786,3.091946,7.7786,1.159477,5.523082,82.22
17,45.8643,0.27286,60.9109,0.231931,45.8643,45.8643,0.0,10.637353,24.6595,0.231931,0.0,0.0,0.0,0.0,0.0,0.0,10.637353,100.0
18,45.8671,0.19118,3.7696,0.181621,3.7696,3.7696,0.0,0.684639,28.4502,0.162503,28.4502,28.4502,0.0,4.623243,13.6473,2.609084,7.916965,70.25
19,38.5082,0.19157,6.1445,0.162834,2.337,2.337,0.0,0.380543,36.1712,0.153256,36.1712,27.824,8.3472,4.264195,8.3472,1.599074,6.243812,78.32
20,38.4871,0.19405,0.6566,0.164942,0.6566,0.6566,0.0,0.108301,29.1373,0.15524,29.1373,22.4133,6.724,3.479441,15.4172,2.991705,6.579446,59.94
21,38.4136,0.19587,0.01,0.166489,0.01,0.01,0.0,0.001665,32.2344,0.156696,32.2344,24.7957,7.4387,3.885387,13.6079,2.665376,6.552428,64.58
22,38.3021,0.19301,0.0,0.164058,0.0,0.0,0.0,0.0,35.9883,0.154408,35.9883,27.6833,8.305,4.274523,10.6188,2.049536,6.324059,72.28
23,39.1071,0.18125,0.7995,0.154062,0.7995,0.7995,0.0,0.123173,24.3817,0.172187,24.3817,24.3817,0.0,4.198212,13.9259,2.52407,6.845454,64.39
24,22.3424,0.16849,0.0,0.160065,0.0,0.0,0.0,0.0,14.6734,0.160065,14.6734,14.6734,0.0,2.348698,7.669,1.29215,3.640848,65.68
25,14.6494,0.15603,0.0,0.124824,0.0,0.0,0.0,0.0,13.853,0.148228,13.853,13.853,0.0,2.053402,0.7964,0.124259,2.177662,94.56
26,14.6726,0.14168,0.0,0.120428,0.0,0.0,0.0,0.0,10.7798,0.134596,10.7798,10.7798,0.0,1.450918,3.8928,0.551538,2.002456,73.47
27,14.6842,0.14258,0.0,0.135451,0.0,0.0,0.0,0.0,8.3644,0.135451,8.3644,8.3644,0.0,1.132966,6.3198,0.901076,2.034042,56.96
28,14.8342,0.14257,0.0,0.114056,0.0,0.0,0.0,0.0,7.5823,0.135441,7.5823,7.5823,0.0,1.026954,7.2519,1.033907,2.060861,51.11
29,22.4545,0.14071,0.111,0.119604,0.111,0.111,0.0,0.013276,7.3268,0.133675,7.3268,7.3268,0.0,0.97941,15.0167,2.112999,3.105685,33.12
30,38.4202,0.16173,0.7482,0.13747,0.7482,0.7482,0.0,0.102855,18.9543,0.129384,18.9543,14.5802,4.3741,1.886445,23.0918,3.734641,5.723941,39.9
31,44.8396,0.16818,0.0,0.142953,0.0,0.0,0.0,0.0,16.8445,0.134544,16.8445,12.9573,3.8872,1.743327,31.8823,5.361968,7.105295,28.9
32,41.6683,0.20194,1.2772,0.191843,1.2772,1.2772,0.0,0.245022,15.4426,0.171649,15.4426,15.4426,0.0,2.650707,24.9485,5.03811,7.933839,40.13
33,34.1827,0.20046,4.0534,0.190437,4.0534,4.0534,0.0,0.771917,17.784,0.170391,17.784,17.784,0.0,3.030234,12.3453,2.474741,6.276892,63.88
34,41.6751,0.24116,12.0508,0.192928,12.0508,9.2699,2.7809,1.788423,15.6899,0.204986,15.6899,15.6899,0.0,3.21621,16.7153,4.03107,9.035703,59.89
35,42.4424,0.23854,20.7789,0.226613,20.7789,20.7789,0.0,4.708769,15.4982,0.202759,15.4982,15.4982,0.0,3.1424,6.1653,1.470664,9.321832,85.47
36,41.7381,0.23588,725.0015,0.188704,41.7381,41.7381,0.0,7.876146,16.8537,0.200498,0.0,0.0,0.0,0.0,0.0,1.1e-05,7.876158,100.0
37,34.2213,0.22646,742.501,0.181168,34.2213,34.2213,0.0,6.199804,18.0571,0.192491,0.0,0.0,0.0,0.0,0.0,0.0,6.199804,100.0
38,34.2204,0.16745,293.8724,0.142332,7.0133,7.0133,0.0,0.998217,27.2071,0.13396,27.2071,20.9285,6.2786,2.803582,6.2786,1.051359,4.853158,81.65
39,34.2053,0.1753,47.6564,0.149005,6.0486,6.0486,0.0,0.901272,28.1567,0.14024,28.1567,21.659,6.4977,3.037458,6.4977,1.139051,5.07778,81.0
40,43.7542,0.18657,10.1302,0.158585,10.1302,10.1302,0.0,1.606498,32.6956,0.149256,32.6956,25.1505,7.5451,3.753863,8.4735,1.580906,6.941267,80.63
41,45.8826,0.1997,0.0,0.189715,0.0,0.0,0.0,0.0,28.7698,0.169745,28.7698,28.7698,0.0,4.88353,17.1128,3.417434,8.300963,62.7
42,45.8897,0.2744,0.0594,0.21952,0.0594,0.0457,0.0137,0.010032,26.9557,0.23324,26.9557,26.9557,0.0,6.287147,18.8883,5.182959,11.480139,58.84
43,38.5291,0.27724,3.7803,0.263378,3.3557,3.3557,0.0,0.883818,35.1734,0.235654,35.1734,35.1734,0.0,8.288752,0.0,1.2e-05,9.172582,100.0
44,38.4946,0.27806,0.9262,0.264157,0.0,0.0,0.0,0.0,38.6695,0.236351,38.4946,38.4946,0.0,9.098237,0.0,3e-06,9.09824,100.0
45,38.4128,0.27491,0.1595,0.233673,0.1595,0.1595,0.0,0.037271,42.8643,0.233673,38.2533,38.2533,0.0,8.938763,0.0,0.0,8.976034,100.0
46,38.2967,0.2038,2.9168,0.16304,2.9168,2.2437,0.6731,0.365813,49.5766,0.17323,35.3799,35.3799,0.0,6.12886,0.6731,0.137185,6.631858,98.24
47,39.1003,0.19099,0.2668,0.162341,0.2668,0.2668,0.0,0.043313,42.9296,0.18144,38.8335,38.8335,0.0,7.04595,0.0,6e-06,7.089268,100.0
48,22.3379,0.15455,0.0,0.146822,0.0,0.0,0.0,0.0,63.032,0.131367,22.3379,22.3379,0.0,2.934463,0.0,2e-06,2.934465,100.0
49,14.6422,0.14134,0.0,0.120139,0.0,0.0,0.0,0.0,65.5087,0.120139,14.6422,14.6422,0.0,1.759099,0.0,0.0,1.759099,100.0
50,14.6616,0.13485,0.0,0.10788,0.0,0.0,0.0,0.0,75.1987,0.114622,14.6616,14.6616,0.0,1.680542,0.0,4e-06,1.680546,100.0
51,14.671,0.13154,0.0,0.124963,0.0,0.0,0.0,0.0,79.8005,0.111809,14.671,14.671,0.0,1.64035,0.0,0.0,1.64035,100.0
52,15.3341,0.12683,8.7634,0.107805,8.7634,8.7634,0.0,0.944738,82.9464,0.107805,6.5707,6.5707,0.0,0.708354,0.0,0.0,1.653093,100.0
53,22.9598,0.12922,0.1064,0.103376,0.1064,0.0818,0.0246,0.008456,88.7355,0.109837,22.8534,22.8534,0.0,2.510149,0.0246,0.003182,2.521787,99.89
54,38.6347,0.13741,0.0,0.13054,0.0,0.0,0.0,0.0,61.803,0.13054,38.6347,38.6347,0.0,5.043374,0.0,7e-06,5.04338,100.0
55,44.8161,0.15663,0.0,0.133135,0.0,0.0,0.0,0.0,60.1579,0.148798,44.8161,44.8161,0.0,6.668546,0.0,0.0,6.668546,100.0
56,41.6449,0.1936,5.626,0.18392,5.626,5.626,0.0,1.034734,62.9822,0.18392,36.0189,36.0189,0.0,6.624596,0.0,0.0,7.65933,100.0
57,34.1577,0.19066,9.6685,0.162061,9.6685,9.6685,0.0,1.566887,64.2786,0.181127,24.4892,24.4892,0.0,4.435655,0.0,0.0,6.002542,100.0
58,41.6476,0.25138,20.474,0.238811,0.0,0.0,0.0,0.0,92.4349,0.213673,41.6476,41.6476,0.0,8.898968,0.0,3e-06,8.898971,100.0
59,42.4195,0.24031,169.5861,0.192248,42.4195,42.4195,0.0,8.155064,92.3668,0.204263,0.0,0.0,0.0,0.0,0.0,9e-06,8.155073,100.0
60,41.6999,0.22716,211.6187,0.181728,41.6999,41.6999,0.0,7.578039,92.1491,0.193086,0.0,0.0,0.0,0.0,0.0,0.0,7.578039,100.0
61,34.1752,0.21851,269.3019,0.174808,34.1752,34.1752,0.0,5.974098,91.462,0.185733,0.0,0.0,0.0,0.0,0.0,7e-06,5.974106,100.0
62,34.1747,0.15251,32.4381,0.129634,32.4381,32.4381,0.0,4.205081,63.4347,0.144884,1.7366,1.7366,0.0,0.251606,0.0,0.0,4.456686,100.0
63,34.1624,0.15829,7.4732,0.134546,7.4732,7.4732,0.0,1.005489,63.0424,0.150375,26.6892,26.6892,0.0,4.013388,0.0,1e-06,5.018879,100.0
64,43.7069,0.1763,1.2678,0.167485,1.2678,1.2678,0.0,0.212337,62.6717,0.167485,42.4391,42.4391,0.0,7.107913,0.0,0.0,7.32025,100.0
65,45.832,0.19842,0.5178,0.188499,0.0,0.0,0.0,0.0,89.2851,0.168657,45.832,45.832,0.0,7.729888,0.0,7e-06,7.729894,100.0
66,45.8387,0.26973,3.4475,0.215784,3.4475,2.6519,0.7956,0.572238,61.7068,0.256244,42.3912,42.3912,0.0,10.862491,0.7956,0.214584,11.649312,98.26
67,38.3374,0.27139,0.9271,0.230682,0.9271,0.9271,0.0,0.213865,86.8812,0.230682,37.4103,37.4103,0.0,8.629883,0.0,1.3e-05,8.843761,100.0
68,38.3275,0.27165,0.0936,0.258068,0.0,0.0,0.0,0.0,85.7171,0.230902,38.3275,38.3275,0.0,8.849896,0.0,0.0,8.849896,100.0
69,38.2887,0.27022,0.0628,0.229687,0.0628,0.0628,0.0,0.014424,84.8917,0.229687,38.2259,38.2259,0.0,8.779992,0.0,2e-06,8.794418,100.0
70,38.2829,0.20114,0.0275,0.160912,0.0275,0.0211,0.0064,0.003395,83.6504,0.170969,38.2554,38.2554,0.0,6.540487,0.0064,0.001297,6.545179,99.98
71,39.0927,0.19338,0.5661,0.154704,0.5661,0.4354,0.1307,0.067358,56.8331,0.183711,38.5266,38.5266,0.0,7.07776,0.1307,0.025271,7.170389,99.67
72,22.3318,0.14627,0.0,0.12433,0.0,0.0,0.0,0.0,80.97,0.12433,22.3318,22.3318,0.0,2.776513,0.0,0.0,2.776513,100.0
73,14.6234,0.14041,0.0,0.133389,0.0,0.0,0.0,0.0,79.9287,0.119348,14.6234,14.6234,0.0,1.745274,0.0,0.0,1.745274,100.0
74,14.6409,0.13809,0.0,0.110472,0.0,0.0,0.0,0.0,79.9402,0.117376,14.6409,14.6409,0.0,1.71849,0.0,0.0,1.71849,100.0
75,14.6529,0.13371,0.0,0.113653,0.0,0.0,0.0,0.0,76.5345,0.113653,14.6529,14.6529,0.0,1.665346,0.0,2e-06,1.665348,100.0
76,14.8029,0.13716,0.0,0.130302,0.0,0.0,0.0,0.0,74.3877,0.116586,14.8029,14.8029,0.0,1.725811,0.0,0.0,1.725811,100.0
77,22.4399,0.14493,0.0,0.115944,0.0,0.0,0.0,0.0,71.2003,0.12319,22.4399,22.4399,0.0,2.764371,0.0,1e-06,2.764372,100.0
78,38.4009,0.1513,0.0,0.128605,0.0,0.0,0.0,0.0,49.6615,0.143735,38.4009,38.4009,0.0,5.519553,0.0,0.0,5.519553,100.0
79,44.8109,0.15436,0.0,0.146642,0.0,0.0,0.0,0.0,47.5394,0.146642,44.8109,44.8109,0.0,6.57116,0.0,5e-06,6.571165,100.0
80,41.6399,0.16136,2.7491,0.129088,2.7491,2.1147,0.6344,0.272982,45.532,0.153292,38.8908,38.8908,0.0,5.961649,0.6344,0.102361,6.336992,98.48
81,34.1525,0.16727,3.448,0.142179,3.448,3.448,0.0,0.490233,48.3756,0.158907,30.7045,30.7045,0.0,4.87916,0.0,0.0,5.369393,100.0
82,41.642,0.15093,6.7068,0.143383,6.7068,6.7068,0.0,0.961641,48.1989,0.143383,34.9352,34.9352,0.0,5.009114,0.0,0.0,5.970755,100.0
83,42.4126,0.12807,170.4701,0.108859,42.4126,42.4126,0.0,4.616993,47.7645,0.121666,0.0,0.0,0.0,0.0,0.0,0.0,4.616993,100.0
84,41.6911,0.10762,377.0505,0.091477,41.6911,41.6911,0.0,3.813777,47.5733,0.102239,0.0,0.0,0.0,0.0,0.0,4e-06,3.813781,100.0
85,34.1668,0.10713,263.7332,0.091061,34.1668,34.1668,0.0,3.111263,48.7417,0.101774,0.0,0.0,0.0,0.0,0.0,4e-06,3.111267,100.0
86,34.1678,0.11503,93.6065,0.097775,34.1678,34.1678,0.0,3.340757,48.7506,0.109278,0.0,0.0,0.0,0.0,0.0,4e-06,3.34076,100.0
87,34.1554,0.12785,11.8837,0.10228,11.8837,9.1413,2.7424,0.934972,49.4874,0.121457,22.2717,22.2717,0.0,2.705054,2.7424,0.35061,3.990636,91.97
88,43.6993,0.15785,3.8657,0.134173,3.8657,3.8657,0.0,0.518673,48.9183,0.149957,39.8336,39.8336,0.0,5.973327,0.0,1e-06,6.492001,100.0
89,45.8231,0.17448,3.5297,0.165756,0.0,0.0,0.0,0.0,66.1864,0.148308,45.8231,45.8231,0.0,6.795932,0.0,6e-06,6.795938,100.0
90,45.8316,0.17756,10.5725,0.150926,10.5725,10.5725,0.0,1.595665,58.7925,0.150926,35.2591,35.2591,0.0,5.321515,0.0,6e-06,6.917186,100.0
91,38.4744,0.16941,1.153,0.160939,1.153,1.153,0.0,0.185563,46.1121,0.160939,37.3214,37.3214,0.0,6.006469,0.0,0.0,6.192032,100.0
92,38.4562,0.15893,8.3746,0.13509,8.3746,8.3746,0.0,1.131325,43.4923,0.150983,30.0816,30.0816,0.0,4.54181,0.0,0.0,5.673135,100.0
93,38.3869,0.15439,1.1628,0.14667,1.1628,1.1628,0.0,0.170548,43.0237,0.14667,37.2241,37.2241,0.0,5.459659,0.0,0.0,5.630207,100.0
94,38.2784,0.15045,0.8706,0.127883,0.8706,0.8706,0.0,0.111335,37.8163,0.142927,37.4078,37.4078,0.0,5.346585,0.0,5e-06,5.457925,100.0
95,39.0885,0.14383,0.7404,0.136638,0.7404,0.7404,0.0,0.101167,35.1735,0.136638,35.1735,35.1735,0.0,4.806037,3.1746,0.456606,5.36381,91.88
96,22.3276,0.16202,0.0,0.137717,0.0,0.0,0.0,0.0,47.244,0.137717,22.3276,22.3276,0.0,3.07489,0.0,4e-06,3.074894,100.0
97,14.6164,0.1315,0.0,0.124925,0.0,0.0,0.0,0.0,47.1248,0.111775,14.6164,14.6164,0.0,1.633748,0.0,0.0,1.633748,100.0
98,14.6316,0.12795,0.0,0.10236,0.0,0.0,0.0,0.0,46.1074,0.108758,14.6316,14.6316,0.0,1.591304,0.0,0.0,1.591304,100.0
99,14.6422,0.11013,0.0,0.09361,0.0,0.0,0.0,0.0,45.2232,0.09361,14.6422,14.6422,0.0,1.370656,0.0,3e-06,1.370659,100.0
100,14.791,0.10735,0.0,0.101982,0.0,0.0,0.0,0.0,47.1974,0.091247,14.791,14.791,0.0,1.349634,0.0,0.0,1.349634,100.0
101,22.431,0.0988,0.0,0.07904,0.0,0.0,0.0,0.0,49.422,0.07904,22.431,22.431,0.0,1.772946,0.0,0.0,1.772946,100.0
102,38.3946,0.09434,0.0,0.080189,0.0,0.0,0.0,0.0,27.3374,0.089623,27.3374,27.3374,0.0,2.45006,11.0572,1.043138,3.493198,71.2
103,44.8047,0.10338,0.0,0.087873,0.0,0.0,0.0,0.0,36.559,0.098211,36.559,36.559,0.0,3.590496,8.2457,0.852443,4.442939,81.6
104,41.6337,0.10773,1.615,0.086184,1.615,1.2423,0.3727,0.107066,29.1178,0.102344,29.1178,29.1178,0.0,2.980032,11.2736,1.214509,4.301608,72.92
105,34.1464,0.16373,1.6744,0.155543,1.6744,1.6744,0.0,0.260441,25.0,0.155543,25.0,25.0,0.0,3.888575,7.472,1.223393,5.37241,78.12
106,41.6354,0.1145,4.9951,0.097325,4.9951,4.9951,0.0,0.486148,27.7299,0.108775,27.7299,27.7299,0.0,3.01632,8.9104,1.020235,4.522703,78.6
107,42.4073,0.08966,17.6515,0.076211,17.6515,17.6515,0.0,1.345238,26.2154,0.085177,24.7558,24.7558,0.0,2.108625,0.0,0.0,3.453864,100.0
108,41.6843,0.08488,36.8745,0.067904,36.8745,28.365,8.5095,1.926097,25.3654,0.080636,4.8098,4.8098,0.0,0.387843,8.5095,0.72229,3.03623,79.59
109,34.1608,0.07392,24.9636,0.062832,24.9636,24.9636,0.0,1.568513,24.9358,0.070224,9.1972,9.1972,0.0,0.645864,0.0,2e-06,2.214379,100.0
110,34.1615,0.06787,12.9612,0.064476,12.9612,12.9612,0.0,0.835686,24.3282,0.064476,21.2003,21.2003,0.0,1.366911,0.0,0.0,2.202597,100.0
111,34.1493,0.06885,15.2182,0.058522,15.2182,15.2182,0.0,0.8906,22.0616,0.065407,18.9311,18.9311,0.0,1.238226,0.0,1e-06,2.128827,100.0
112,43.6929,0.10296,0.2504,0.097812,0.2504,0.2504,0.0,0.024492,37.8816,0.082368,37.8816,29.1397,8.7419,2.400179,14.3028,1.472615,3.897286,67.27
113,45.8165,0.10652,1.718,0.085216,1.718,1.3215,0.3965,0.112613,28.0241,0.090542,28.0241,28.0241,0.0,2.537358,16.4709,1.754475,4.404446,64.05
114,45.8234,0.10912,1.3254,0.103664,1.3254,1.3254,0.0,0.137396,29.9842,0.092752,29.9842,29.9842,0.0,2.781095,14.5138,1.583745,4.502235,68.33
115,38.4674,0.10745,0.4403,0.08596,0.4403,0.3387,0.1016,0.029115,38.4814,0.08596,38.0271,29.6011,8.426,2.544511,8.5276,0.916288,3.489913,77.83
116,38.4493,0.10774,2.6874,0.091579,2.6874,2.6874,0.0,0.246109,23.4184,0.102353,23.4184,23.4184,0.0,2.396943,12.3435,1.329894,3.972947,67.9
117,38.3807,0.11539,0.6708,0.10962,0.6708,0.6708,0.0,0.073533,21.2813,0.10962,21.2813,21.2813,0.0,2.332856,16.4286,1.895698,4.302088,57.2
118,38.2724,0.10382,2.0843,0.083056,2.0843,1.6033,0.481,0.133164,21.0735,0.098629,21.0735,21.0735,0.0,2.078458,15.5956,1.619137,3.830759,59.25
119,39.0832,0.08527,3.6704,0.07248,3.6704,3.6704,0.0,0.266031,32.4164,0.081006,32.4164,32.4164,0.0,2.625923,2.9964,0.255505,3.147459,92.33
120,22.3219,0.06886,0.0857,0.058531,0.0,0.0,0.0,0.0,55.317,0.055088,22.3219,22.3219,0.0,1.229669,0.0,2e-06,1.229671,100.0
121,14.6063,0.0664,0.0,0.06308,0.0,0.0,0.0,0.0,61.3135,0.05312,14.6063,14.6063,0.0,0.775887,0.0,3e-06,0.77589,100.0
122,14.6216,0.06484,0.0,0.051872,0.0,0.0,0.0,0.0,49.3753,0.051872,14.6216,14.6216,0.0,0.758452,0.0,0.0,0.758452,100.0
123,14.6354,0.06411,0.0461,0.054494,0.0,0.0,0.0,0.0,47.7129,0.051288,14.6354,14.6354,0.0,0.75062,0.0,1e-06,0.750621,100.0
124,15.3033,0.06535,0.0,0.062082,0.0,0.0,0.0,0.0,47.5872,0.05228,15.3033,15.3033,0.0,0.800057,0.0,2e-06,0.800059,100.0
125,22.9424,0.06888,0.0,0.055104,0.0,0.0,0.0,0.0,49.2357,0.055104,22.9424,22.9424,0.0,1.264218,0.0,0.0,1.264218,100.0
126,38.6242,0.074,0.0,0.0629,0.0,0.0,0.0,0.0,31.7417,0.0703,31.7417,31.7417,0.0,2.231442,6.8825,0.509303,2.740745,82.18
127,44.8069,0.10268,0.909,0.087278,0.909,0.909,0.0,0.079336,32.2032,0.097546,32.2032,32.2032,0.0,3.141293,11.6947,1.200812,4.421441,73.9
128,41.6354,0.12079,2.6419,0.11475,2.6419,2.6419,0.0,0.303158,30.9157,0.11475,30.9157,30.9157,0.0,3.547577,8.0778,0.975722,4.826457,80.6
129,34.1493,0.12001,1.1716,0.096008,1.1716,0.9012,0.2704,0.086522,38.1812,0.114009,32.9777,32.9777,0.0,3.759755,0.2704,0.03245,3.878727,99.21
130,41.6392,0.09509,3.3168,0.090335,3.3168,3.3168,0.0,0.299623,31.2607,0.090335,31.2607,31.2607,0.0,2.823935,7.0617,0.671494,3.795052,83.04
131,42.4108,0.08021,166.5562,0.068179,42.4108,42.4108,0.0,2.891526,47.4299,0.0762,0.0,0.0,0.0,0.0,0.0,2e-06,2.891528,100.0
132,41.6908,0.0723,901.6661,0.05784,41.6908,41.6908,0.0,2.411396,49.2276,0.068685,0.0,0.0,0.0,0.0,0.0,0.0,2.411396,100.0
133,34.1669,0.06279,840.8514,0.053371,34.1669,34.1669,0.0,1.823522,47.636,0.05965,0.0,0.0,0.0,0.0,0.0,0.0,1.823522,100.0
134,34.1673,0.05155,593.2621,0.04124,34.1673,34.1673,0.0,1.409059,47.5288,0.048972,0.0,0.0,0.0,0.0,0.0,0.0,1.409059,100.0
135,34.1548,0.0524,180.2678,0.04454,34.1548,34.1548,0.0,1.521255,44.4623,0.04978,0.0,0.0,0.0,0.0,0.0,0.0,1.521255,100.0
136,43.7011,0.09205,4.5921,0.078243,4.5921,4.5921,0.0,0.3593,44.1426,0.087447,39.109,39.109,0.0,3.419965,0.0,0.0,3.779264,100.0
137,45.8234,0.12512,0.8434,0.100096,0.8434,0.6488,0.1946,0.064942,59.0771,0.106352,44.98,44.98,0.0,4.783713,0.1946,0.024346,4.873001,99.58
138,45.8326,0.1454,0.0711,0.13813,0.0,0.0,0.0,0.0,62.5959,0.12359,45.8326,45.8326,0.0,5.664451,0.0,4e-06,5.664455,100.0
139,38.3317,0.16564,0.9685,0.140794,0.9685,0.9685,0.0,0.136359,50.7332,0.157358,37.3632,37.3632,0.0,5.879398,0.0,1e-06,6.015758,100.0
140,38.323,0.17299,0.8843,0.164341,0.8843,0.8843,0.0,0.145327,48.7478,0.164341,37.4387,37.4387,0.0,6.152713,0.0,0.0,6.29804,100.0
141,38.2846,0.17923,0.1729,0.152345,0.1729,0.1729,0.0,0.02634,49.8413,0.170268,38.1117,38.1117,0.0,6.489203,0.0,0.0,6.515543,100.0
142,38.279,0.166,1.2633,0.1328,1.2633,0.9718,0.2915,0.129055,51.2718,0.1577,37.0157,37.0157,0.0,5.837376,0.2915,0.048387,6.014818,99.24
143,39.0893,0.14848,0.0,0.141056,0.0,0.0,0.0,0.0,51.2693,0.141056,39.0893,39.0893,0.0,5.51378,0.0,0.0,5.51378,100.0
144,22.3289,0.119,0.0,0.0952,0.0,0.0,0.0,0.0,83.674,0.10115,22.3289,22.3289,0.0,2.258568,0.0,0.0,2.258568,100.0
145,14.6179,0.11242,0.0,0.095557,0.0,0.0,0.0,0.0,84.0729,0.095557,14.6179,14.6179,0.0,1.396843,0.0,0.0,1.396843,100.0
146,14.6346,0.10252,0.0,0.097394,0.0,0.0,0.0,0.0,84.9087,0.087142,14.6346,14.6346,0.0,1.275288,0.0,1e-06,1.275289,100.0
147,14.6473,0.08989,0.0,0.076407,0.0,0.0,0.0,0.0,111.6467,0.071912,14.6473,14.6473,0.0,1.053317,0.0,2e-06,1.053318,100.0
148,14.7983,0.06841,0.0,0.064989,0.0,0.0,0.0,0.0,116.0857,0.054728,14.7983,14.7983,0.0,0.809881,0.0,2e-06,0.809883,100.0
149,22.4409,0.08774,0.0,0.070192,0.0,0.0,0.0,0.0,114.4372,0.070192,22.4409,22.4409,0.0,1.575172,0.0,0.0,1.575172,100.0
150,38.3996,0.11305,0.0,0.096092,0.0,0.0,0.0,0.0,58.2676,0.107397,38.3996,38.3996,0.0,4.124002,0.0,4e-06,4.124006,100.0
151,44.8012,0.13907,3.0326,0.111256,3.0326,2.3328,0.6998,0.259538,56.7018,0.132116,41.7686,41.7686,0.0,5.5183,0.6998,0.097321,5.875159,98.44
152,41.6284,0.17846,0.2382,0.169537,0.2382,0.2382,0.0,0.040384,54.352,0.169537,41.3902,41.3902,0.0,7.01717,0.0,0.0,7.057554,100.0
153,34.1497,0.16978,2.8946,0.144313,2.8946,2.8946,0.0,0.417728,53.2294,0.161291,31.2551,31.2551,0.0,5.041166,0.0,0.0,5.458895,100.0
154,41.6457,0.22204,2.3908,0.210938,0.0,0.0,0.0,0.0,68.898,0.188734,41.6457,41.6457,0.0,7.85996,0.0,6e-06,7.859965,100.0
155,42.4179,0.19957,119.8461,0.169634,42.4179,42.4179,0.0,7.195518,47.1383,0.189591,0.0,0.0,0.0,0.0,0.0,0.0,7.195518,100.0
156,41.6959,0.194,520.2093,0.1649,41.6959,41.6959,0.0,6.875654,35.9558,0.1843,0.0,0.0,0.0,0.0,0.0,4e-06,6.875658,100.0
157,34.1719,0.1923,1129.3516,0.163455,34.1719,34.1719,0.0,5.585568,32.6664,0.182685,0.0,0.0,0.0,0.0,0.0,7e-06,5.585575,100.0
158,34.1739,0.12899,521.7906,0.109641,34.1739,34.1739,0.0,3.746861,30.6061,0.12254,0.0,0.0,0.0,0.0,0.0,2e-06,3.746862,100.0
159,34.1631,0.14548,113.9814,0.123658,34.1631,34.1631,0.0,4.224541,27.6119,0.138206,0.0,0.0,0.0,0.0,0.0,7e-06,4.224548,100.0
160,43.7069,0.16538,3.6914,0.157111,3.6914,3.6914,0.0,0.57996,23.9267,0.157111,23.9267,23.9267,0.0,3.759148,16.0888,2.660773,6.99988,63.19
161,45.8317,0.18041,8.1063,0.144328,8.1063,6.2356,1.8707,0.899972,28.6919,0.153348,28.6919,28.6919,0.0,4.399845,10.9042,1.967228,7.267045,76.21
162,45.8379,0.25925,0.6146,0.2074,0.6146,0.4728,0.1418,0.098059,28.3832,0.220362,28.3832,28.3832,0.0,6.254579,16.9819,4.402554,10.755192,62.95
163,38.4812,0.25415,0.1394,0.216027,0.1394,0.1394,0.0,0.030114,36.3141,0.216027,36.3141,36.3141,0.0,7.844826,2.0277,0.515329,8.39027,94.73
164,38.4614,0.24198,0.0,0.193584,0.0,0.0,0.0,0.0,39.1152,0.205683,38.4614,38.4614,0.0,7.910856,0.0,2e-06,7.910858,100.0
165,38.3924,0.23914,1.6329,0.227183,0.0,0.0,0.0,0.0,42.9829,0.203269,38.3924,38.3924,0.0,7.803985,0.0,3e-06,7.803988,100.0
166,38.284,0.1612,0.3149,0.12896,0.3149,0.2422,0.0727,0.031234,32.1972,0.15314,32.1972,32.1972,0.0,4.930679,5.8446,0.942146,5.904059,84.73
167,39.0936,0.15415,2.4436,0.131027,2.4436,2.4436,0.0,0.320178,32.5934,0.146443,32.5934,32.5934,0.0,4.773075,4.0566,0.62533,5.718583,89.62
168,22.3343,0.10738,0.0,0.085904,0.0,0.0,0.0,0.0,58.0262,0.091273,22.3343,22.3343,0.0,2.038519,0.0,1e-06,2.03852,100.0
169,14.6274,0.10366,0.0,0.088111,0.0,0.0,0.0,0.0,65.9717,0.088111,14.6274,14.6274,0.0,1.288835,0.0,0.0,1.288835,100.0
170,14.6446,0.0982,0.0,0.08347,0.0,0.0,0.0,0.0,92.7001,0.07856,14.6446,14.6446,0.0,1.15048,0.0,1e-06,1.15048,100.0
171,14.6571,0.08865,0.0,0.084218,0.0,0.0,0.0,0.0,96.3603,0.07092,14.6571,14.6571,0.0,1.039482,0.0,4e-06,1.039486,100.0
172,14.8077,0.09638,0.0,0.077104,0.0,0.0,0.0,0.0,99.3751,0.077104,14.8077,14.8077,0.0,1.141733,0.0,1e-06,1.141734,100.0
173,22.4467,0.10818,0.0,0.102771,0.0,0.0,0.0,0.0,72.8675,0.091953,22.4467,22.4467,0.0,2.064041,0.0,0.0,2.064041,100.0
174,38.4042,0.13424,0.0,0.127528,0.0,0.0,0.0,0.0,53.3003,0.127528,38.4042,38.4042,0.0,4.897611,0.0,3e-06,4.897614,100.0
175,44.8064,0.15854,0.0,0.126832,0.0,0.0,0.0,0.0,55.0184,0.150613,44.8064,44.8064,0.0,6.748426,0.0,6e-06,6.748432,100.0
176,41.6333,0.19435,0.0,0.165197,0.0,0.0,0.0,0.0,45.7431,0.184632,41.6333,41.6333,0.0,7.686839,0.0,0.0,7.686839,100.0
177,34.1488,0.18889,0.0,0.179445,0.0,0.0,0.0,0.0,48.0032,0.179445,34.1488,34.1488,0.0,6.127831,0.0,1e-06,6.127832,100.0
178,41.6509,0.23186,5.2047,0.197081,5.2047,5.2047,0.0,1.025747,68.2882,0.197081,36.4462,36.4462,0.0,7.182854,0.0,1e-05,8.208611,100.0
179,42.4181,0.22796,111.8106,0.182368,42.4181,42.4181,0.0,7.735704,64.9545,0.193766,0.0,0.0,0.0,0.0,0.0,0.0,7.735704,100.0
180,41.6985,0.21825,208.0095,0.1746,41.6985,41.6985,0.0,7.280558,61.9192,0.185512,0.0,0.0,0.0,0.0,0.0,8e-06,7.280566,100.0
181,34.1724,0.20843,266.9987,0.166744,34.1724,34.1724,0.0,5.698043,53.1529,0.177166,0.0,0.0,0.0,0.0,0.0,0.0,5.698043,100.0
182,34.1731,0.14252,135.979,0.121142,34.1731,34.1731,0.0,4.139798,34.9465,0.135394,0.0,0.0,0.0,0.0,0.0,0.0,4.139798,100.0
183,34.1606,0.14521,39.976,0.123428,34.1606,34.1606,0.0,4.216375,31.5691,0.13795,0.0,0.0,0.0,0.0,0.0,0.0,4.216375,100.0
184,43.7073,0.16098,12.1734,0.136833,12.1734,12.1734,0.0,1.665723,22.9638,0.152931,22.9638,22.9638,0.0,3.511877,8.5701,1.379619,6.557219,80.39
185,45.8298,0.16762,2.482,0.159239,2.482,2.482,0.0,0.395231,28.0643,0.142477,28.0643,28.0643,0.0,3.998517,15.2835,2.561826,6.955574,66.65
186,45.8348,0.2441,4.239,0.19528,4.239,3.2608,0.9782,0.636769,21.1185,0.231895,21.1185,21.1185,0.0,4.897275,21.4555,5.237297,10.77134,53.19
187,38.4779,0.25503,0.4095,0.204024,0.4095,0.315,0.0945,0.064268,36.2191,0.216775,36.2191,36.2191,0.0,7.851395,1.9438,0.495735,8.411398,94.95
188,38.4588,0.24829,1.3901,0.211046,1.3901,1.3901,0.0,0.293375,40.4525,0.211046,37.0687,37.0687,0.0,7.823201,0.0,8e-06,8.116584,100.0
189,38.3896,0.23512,0.4633,0.223364,0.0,0.0,0.0,0.0,51.7414,0.199852,38.3896,38.3896,0.0,7.672238,0.0,8e-06,7.672247,100.0
190,38.2814,0.17021,0.156,0.136168,0.156,0.12,0.036,0.01634,38.4529,0.161699,38.1254,38.1254,0.0,6.164839,0.036,0.006135,6.187314,99.91
191,39.0919,0.15674,0.5767,0.133229,0.5767,0.5767,0.0,0.076833,40.1611,0.148903,38.5152,38.5152,0.0,5.735029,0.0,0.0,5.811862,100.0
192,22.3331,0.09407,0.0,0.07996,0.0,0.0,0.0,0.0,78.2359,0.075256,22.3331,22.3331,0.0,1.6807,0.0,1e-06,1.6807,100.0
193,14.6286,0.08112,0.0,0.077064,0.0,0.0,0.0,0.0,87.4322,0.064896,14.6286,14.6286,0.0,0.949338,0.0,1e-06,0.949338,100.0
194,14.6484,0.07162,0.0,0.057296,0.0,0.0,0.0,0.0,93.4901,0.057296,14.6484,14.6484,0.0,0.839295,0.0,0.0,0.839295,100.0
195,14.6615,0.05125,0.603,0.043562,0.0,0.0,0.0,0.0,107.1023,0.041,14.6615,14.6615,0.0,0.601122,0.0,2e-06,0.601124,100.0
196,14.8128,0.03514,0.0,0.033383,0.0,0.0,0.0,0.0,93.9571,0.028112,14.8128,14.8128,0.0,0.416417,0.0,0.0,0.416417,100.0
197,22.4462,0.05611,0.0,0.044888,0.0,0.0,0.0,0.0,113.1433,0.044888,22.4462,22.4462,0.0,1.007565,0.0,0.0,1.007565,100.0
198,38.4068,0.09386,0.0,0.089167,0.0,0.0,0.0,0.0,60.8253,0.089167,38.4068,38.4068,0.0,3.424619,0.0,2e-06,3.424621,100.0
199,44.8176,0.1265,0.0474,0.1012,0.0474,0.0365,0.0109,0.003694,59.0796,0.120175,44.7702,44.7702,0.0,5.380259,0.0109,0.001379,5.385331,99.98
200,41.6461,0.15926,3.6519,0.151297,3.6519,3.6519,0.0,0.552522,59.9078,0.151297,37.9942,37.9942,0.0,5.748408,0.0,2e-06,6.300932,100.0
201,34.1588,0.16284,3.3907,0.138414,3.3907,3.3907,0.0,0.46932,60.1725,0.154698,30.7681,30.7681,0.0,4.759764,0.0,0.0,5.229084,100.0
202,41.6509,0.22183,11.8918,0.210738,0.0,0.0,0.0,0.0,81.0889,0.188555,41.6509,41.6509,0.0,7.853485,0.0,0.0,7.853485,100.0
203,42.4223,0.21419,741.5824,0.171352,42.4223,42.4223,0.0,7.269146,85.6606,0.182061,0.0,0.0,0.0,0.0,0.0,0.0,7.269146,100.0
204,41.704,0.21237,491.0188,0.169896,41.704,41.704,0.0,7.085343,86.2845,0.180514,0.0,0.0,0.0,0.0,0.0,4e-06,7.085347,100.0
205,34.1771,0.20068,359.1835,0.160544,34.1771,34.1771,0.0,5.486928,87.4325,0.170578,0.0,0.0,0.0,0.0,0.0,0.0,5.486928,100.0
206,34.1757,0.1343,129.9533,0.114155,34.1757,34.1757,0.0,3.901327,61.9409,0.127585,0.0,0.0,0.0,0.0,0.0,0.0,3.901327,100.0
207,34.1633,0.14234,20.4345,0.120989,20.4345,20.4345,0.0,2.47235,62.2344,0.135223,13.7288,13.7288,0.0,1.85645,0.0,4e-06,4.328804,100.0
208,43.7096,0.17041,2.7311,0.161889,2.7311,2.7311,0.0,0.442135,62.5457,0.161889,40.9785,40.9785,0.0,6.633968,0.0,0.0,7.076103,100.0
209,45.836,0.19205,0.8823,0.163242,0.8823,0.8823,0.0,0.144028,90.7908,0.163242,44.9537,44.9537,0.0,7.338332,0.0,0.0,7.48236,100.0
210,45.8436,0.26442,6.5974,0.211536,6.5974,5.0749,1.5225,1.073524,62.1969,0.251199,39.2462,39.2462,0.0,9.858606,1.5225,0.402573,11.334703,96.68
211,38.4854,0.26511,0.1017,0.212088,0.1017,0.0782,0.0235,0.016585,90.8695,0.225344,38.3837,38.3837,0.0,8.649536,0.0235,0.006239,8.672361,99.94
212,38.4657,0.27342,1.164,0.232407,1.164,1.164,0.0,0.270522,87.8873,0.232407,37.3017,37.3017,0.0,8.669176,0.0,0.0,8.939698,100.0
213,38.3957,0.26698,1.615,0.213584,1.615,1.2423,0.3727,0.265335,84.9265,0.226933,36.7807,36.7807,0.0,8.346755,0.3727,0.099506,8.711596,99.03
214,38.2868,0.17699,1.6643,0.141592,1.6643,1.2803,0.384,0.18128,57.3193,0.16814,36.6225,36.6225,0.0,6.157707,0.384,0.06796,6.406948,99.0
215,39.0966,0.16465,1.0911,0.139952,1.0911,1.0911,0.0,0.152702,59.5244,0.156417,38.0055,38.0055,0.0,5.944706,0.0,0.0,6.097408,100.0
216,22.3374,0.13015,1.7904,0.10412,1.7904,1.3772,0.4132,0.143394,77.9892,0.110627,20.547,20.547,0.0,2.273053,0.4132,0.053774,2.470221,98.15
217,14.6361,0.11098,1.3772,0.094333,1.3772,1.3772,0.0,0.129915,78.6117,0.094333,13.2589,13.2589,0.0,1.250752,0.0,5e-06,1.380672,100.0
218,14.657,0.10463,0.0,0.099399,0.0,0.0,0.0,0.0,83.596,0.088936,14.657,14.657,0.0,1.303535,0.0,0.0,1.303535,100.0
219,14.6703,0.10016,0.0,0.080128,0.0,0.0,0.0,0.0,80.7891,0.085136,14.6703,14.6703,0.0,1.248971,0.0,2e-06,1.248973,100.0
220,15.337,0.10082,0.0,0.085697,0.0,0.0,0.0,0.0,83.924,0.085697,15.337,15.337,0.0,1.314335,0.0,2e-06,1.314337,100.0
221,22.9638,0.11634,0.0,0.110523,0.0,0.0,0.0,0.0,78.6485,0.098889,22.9638,22.9638,0.0,2.270867,0.0,0.0,2.270867,100.0
222,38.6405,0.13525,0.0,0.128488,0.0,0.0,0.0,0.0,53.2952,0.128488,38.6405,38.6405,0.0,4.964841,0.0,5e-06,4.964845,100.0
223,44.8228,0.1556,0.0,0.13226,0.0,0.0,0.0,0.0,54.888,0.14782,44.8228,44.8228,0.0,6.625706,0.0,7e-06,6.625713,100.0
224,41.656,0.1958,10.3233,0.15664,10.3233,7.941,2.3823,1.243878,50.7218,0.18601,31.3327,31.3327,0.0,5.828196,2.3823,0.466451,7.538525,94.28
225,34.1714,0.19281,10.7398,0.163888,10.7398,10.7398,0.0,1.760124,43.7943,0.18317,23.4316,23.4316,0.0,4.291966,0.0,1e-06,6.052091,100.0
226,41.6623,0.24034,8.1208,0.204289,8.1208,8.1208,0.0,1.65899,68.6124,0.204289,33.5415,33.5415,0.0,6.852159,0.0,0.0,8.51115,100.0
227,42.4326,0.2291,4.2277,0.217645,0.0,0.0,0.0,0.0,74.2738,0.194735,42.4326,42.4326,0.0,8.263112,0.0,0.0,8.263112,100.0
228,41.7137,0.22214,53.0039,0.177712,41.7137,40.7722,0.9415,7.245709,72.5133,0.188819,0.0,0.0,0.0,0.0,0.9415,0.209153,7.454862,97.74
229,34.1887,0.21795,94.745,0.17436,34.1887,34.1887,0.0,5.961142,74.1512,0.185257,0.0,0.0,0.0,0.0,0.0,0.0,5.961142,100.0
230,34.1874,0.15763,111.968,0.133985,34.1874,34.1874,0.0,4.580599,59.3241,0.149748,0.0,0.0,0.0,0.0,0.0,7e-06,4.580606,100.0
231,34.1754,0.16357,6.1437,0.155391,6.1437,6.1437,0.0,0.954676,61.5277,0.155391,28.0317,28.0317,0.0,4.355874,0.0,7e-06,5.310556,100.0
232,43.7245,0.17231,4.0233,0.146463,4.0233,4.0233,0.0,0.589265,60.0633,0.163694,39.7012,39.7012,0.0,6.498848,0.0,0.0,7.088113,100.0
233,45.8501,0.1864,0.255,0.17708,0.0,0.0,0.0,0.0,89.4066,0.15844,45.8501,45.8501,0.0,7.26449,0.0,0.0,7.26449,100.0
234,45.8579,0.26533,1.8309,0.212264,1.8309,1.4084,0.4225,0.298953,62.9816,0.252063,44.027,44.027,0.0,11.097578,0.4225,0.112102,11.508633,99.08
235,38.3557,0.26384,1.6117,0.224264,1.6117,1.6117,0.0,0.361446,80.2862,0.224264,36.744,36.744,0.0,8.240356,0.0,0.0,8.601803,100.0
236,38.3455,0.25663,1.1018,0.205304,1.1018,0.8476,0.2542,0.174016,65.1912,0.218136,37.2437,37.2437,0.0,8.124192,0.2542,0.065228,8.363435,99.34
237,38.3045,0.24295,0.0169,0.206507,0.0169,0.0169,0.0,0.00349,58.9297,0.206507,38.2876,38.2876,0.0,7.906657,0.0,9e-06,7.910156,100.0
238,38.2961,0.1749,0.0815,0.166155,0.0815,0.0815,0.0,0.013542,42.8286,0.166155,38.2146,38.2146,0.0,6.349547,0.0,0.0,6.363088,100.0
239,39.103,0.16926,0.0,0.143871,0.0,0.0,0.0,0.0,48.9299,0.160797,39.103,39.103,0.0,6.287645,0.0,0.0,6.287645,100.0
240,22.3417,0.15056,0.0,0.120448,0.0,0.0,0.0,0.0,72.4196,0.127976,22.3417,22.3417,0.0,2.859201,0.0,1e-06,2.859203,100.0
241,14.649,0.14083,0.0,0.119706,0.0,0.0,0.0,0.0,70.1818,0.119706,14.649,14.649,0.0,1.753573,0.0,3e-06,1.753576,100.0
242,14.6727,0.13888,0.0,0.131936,0.0,0.0,0.0,0.0,69.2252,0.118048,14.6727,14.6727,0.0,1.732083,0.0,0.0,1.732083,100.0
243,14.6857,0.12361,0.1739,0.098888,0.1739,0.1338,0.0401,0.013231,49.4239,0.105068,14.5118,14.5118,0.0,1.524726,0.0401,0.004958,1.542915,99.73
244,14.8367,0.12027,0.0,0.10223,0.0,0.0,0.0,0.0,53.4065,0.10223,14.8367,14.8367,0.0,1.516756,0.0,0.0,1.516756,100.0
245,22.4541,0.12461,0.0,0.099688,0.0,0.0,0.0,0.0,49.0071,0.105918,22.4541,22.4541,0.0,2.378293,0.0,0.0,2.378293,100.0
246,38.4178,0.13489,0.0,0.128145,0.0,0.0,0.0,0.0,30.1291,0.128145,30.1291,30.1291,0.0,3.860894,8.2887,1.118061,4.978955,78.42
247,44.8336,0.11511,0.0,0.092088,0.0,0.0,0.0,0.0,17.916,0.092088,17.916,13.7816,4.1344,1.26912,31.052,3.574396,4.843516,30.74
248,41.6618,0.12711,5.3395,0.108044,5.3395,5.3395,0.0,0.576901,22.8737,0.101688,22.8737,17.5951,5.2786,1.789211,18.7272,2.380421,4.746532,55.05
249,34.1768,0.14085,0.1145,0.133807,0.1145,0.1145,0.0,0.015321,28.574,0.11268,28.574,21.98,6.594,2.476706,12.0823,1.70179,4.193817,64.65
250,41.6683,0.14512,10.4989,0.116096,10.4989,8.0761,2.4228,0.937603,23.3171,0.116096,23.3171,17.9362,5.3809,2.082321,15.656,2.271994,5.291917,62.43
251,42.4395,0.12011,147.6045,0.102093,42.4395,42.4395,0.0,4.332776,23.7162,0.114104,0.0,0.0,0.0,0.0,0.0,0.0,4.332776,100.0
252,41.7235,0.10908,485.0179,0.092718,41.7235,41.7235,0.0,3.868519,23.968,0.103626,0.0,0.0,0.0,0.0,0.0,0.0,3.868519,100.0
253,34.2028,0.09895,606.3308,0.07916,34.2028,34.2028,0.0,2.707494,15.2451,0.084107,0.0,0.0,0.0,0.0,0.0,1e-06,2.707495,100.0
254,34.2089,0.09229,386.157,0.078447,34.2089,34.2089,0.0,2.683586,22.4991,0.078447,0.0,0.0,0.0,0.0,0.0,0.0,2.683586,100.0
255,34.2041,0.08732,53.8207,0.069856,34.2041,34.2041,0.0,2.389362,14.6932,0.074222,0.0,0.0,0.0,0.0,0.0,4e-06,2.389366,100.0
256,42.6982,0.11332,15.2119,0.096322,15.2119,15.2119,0.0,1.465241,24.4099,0.090656,24.4099,18.7768,5.6331,1.70223,8.7095,0.98696,4.15443,79.6
257,45.8761,0.15149,0.252,0.121192,0.252,0.1938,0.0582,0.023487,22.1134,0.128767,22.1134,22.1134,0.0,2.847476,23.5689,3.570459,6.441423,48.62
258,45.8728,0.15121,0.1729,0.128529,0.1729,0.1729,0.0,0.022223,26.7226,0.128529,26.7226,26.7226,0.0,3.434629,18.9773,2.869558,6.326409,58.63
259,38.5067,0.15648,0.1326,0.133008,0.1326,0.1326,0.0,0.017637,32.7951,0.148656,32.7951,32.7951,0.0,4.875188,5.579,0.872998,5.765823,85.51
260,38.4857,0.15229,1.8137,0.144676,1.8137,1.8137,0.0,0.262399,27.1218,0.144676,27.1218,27.1218,0.0,3.923874,9.5502,1.454401,5.640673,75.19
261,38.4123,0.15047,0.3714,0.127899,0.3714,0.3714,0.0,0.047502,44.4402,0.142946,38.0409,38.0409,0.0,5.437794,0.0,6e-06,5.485302,100.0
262,38.2998,0.14916,0.2154,0.141702,0.2154,0.2154,0.0,0.030523,30.2967,0.141702,30.2967,30.2967,0.0,4.293103,7.7877,1.161618,5.485243,79.67
263,39.1053,0.14409,0.1811,0.122476,0.1811,0.1811,0.0,0.02218,42.2944,0.136885,38.9242,38.9242,0.0,5.328139,0.0,6e-06,5.350325,100.0
264,22.3424,0.16131,0.0,0.153245,0.0,0.0,0.0,0.0,50.3898,0.137113,22.3424,22.3424,0.0,3.063433,0.0,6e-06,3.063439,100.0
265,14.6503,0.15092,0.7604,0.128282,0.7604,0.7604,0.0,0.097546,60.7693,0.128282,13.8899,13.8899,0.0,1.781824,0.0,1e-06,1.879371,100.0
266,14.6728,0.14526,0.0,0.116208,0.0,0.0,0.0,0.0,63.1955,0.123471,14.6728,14.6728,0.0,1.811665,0.0,6e-06,1.811672,100.0
267,14.6845,0.1419,0.0,0.134805,0.0,0.0,0.0,0.0,55.7372,0.120615,14.6845,14.6845,0.0,1.771171,0.0,0.0,1.771171,100.0
268,14.8342,0.14232,2.108,0.120972,2.108,2.108,0.0,0.255009,48.0257,0.120972,12.7262,12.7262,0.0,1.539514,0.0,0.0,1.794523,100.0
269,22.4533,0.14183,0.0,0.120556,0.0,0.0,0.0,0.0,49.6703,0.120556,22.4533,22.4533,0.0,2.70688,0.0,0.0,2.70688,100.0
270,38.4123,0.14087,0.9439,0.112696,0.9439,0.7261,0.2178,0.081829,29.6999,0.133826,29.6999,29.6999,0.0,3.974619,7.9863,1.125036,5.181484,79.21
271,44.8241,0.13122,0.0,0.124659,0.0,0.0,0.0,0.0,24.6617,0.124659,24.6617,24.6617,0.0,3.074303,20.1624,2.645711,5.720014,55.02
272,41.6528,0.13351,0.0752,0.113483,0.0752,0.0752,0.0,0.008534,21.4621,0.126834,21.4621,21.4621,0.0,2.722124,20.1155,2.685619,5.416277,51.71
273,34.1675,0.14491,0.0,0.115928,0.0,0.0,0.0,0.0,21.2165,0.137664,21.2165,21.2165,0.0,2.920748,12.951,1.876723,4.797471,62.1
274,41.661,0.07799,9.865,0.074091,9.865,9.865,0.0,0.730908,22.4001,0.066292,22.4001,22.4001,0.0,1.484947,9.3959,0.732787,2.948642,77.45
275,42.4349,0.04044,155.1553,0.038418,27.7933,27.7933,0.0,1.067763,14.6416,0.034374,14.6416,14.6416,0.0,0.50329,0.0,0.0,1.571053,100.0
276,41.7159,0.02927,1233.2436,0.024879,41.7159,41.7159,0.0,1.03785,10.7539,0.024879,0.0,0.0,0.0,0.0,0.0,0.0,1.03785,100.0
277,34.1929,0.0293,1381.3766,0.02344,34.1929,34.1929,0.0,0.801482,11.6638,0.02344,0.0,0.0,0.0,0.0,0.0,0.0,0.801482,100.0
278,34.1914,0.02892,279.61,0.027474,17.4319,17.4319,0.0,0.478924,16.7595,0.024582,16.7595,16.7595,0.0,0.411982,0.0,0.0,0.890906,100.0
279,34.1775,0.02875,264.5259,0.024438,34.1775,34.1775,0.0,0.83523,21.7837,0.024438,0.0,0.0,0.0,0.0,0.0,1e-06,0.835231,100.0
280,42.6687,0.04201,51.7575,0.033608,42.6687,39.8135,2.8552,1.338052,16.4837,0.035708,0.0,0.0,0.0,0.0,2.8552,0.119947,1.457999,93.31
281,45.8487,0.13948,0.0,0.132506,0.0,0.0,0.0,0.0,11.5492,0.111584,11.5492,8.884,2.6652,0.991312,36.9647,5.155843,6.147156,19.38
282,45.8585,0.16533,0.0,0.132264,0.0,0.0,0.0,0.0,11.0989,0.132264,11.0989,8.5376,2.5613,1.129217,37.3209,6.170261,7.299478,18.62
283,38.4993,0.17293,3.481,0.14699,3.481,3.481,0.0,0.511672,17.5644,0.138344,17.5644,13.5111,4.0533,1.86918,21.5072,3.719238,6.10009,44.14
284,38.4806,0.16945,2.893,0.160977,2.893,2.893,0.0,0.465706,10.953,0.144032,10.953,10.953,0.0,1.577582,24.6346,4.174327,6.217616,35.98
285,38.4103,0.17424,0.7095,0.148104,0.7095,0.7095,0.0,0.10508,4.5565,0.165528,4.5565,4.5565,0.0,0.754228,33.1443,5.775065,6.634373,13.71
286,38.301,0.16729,0.0529,0.158925,0.0529,0.0529,0.0,0.008407,5.598,0.158925,5.598,5.598,0.0,0.889662,32.6501,5.462037,6.360106,14.75
287,39.1095,0.16775,0.2788,0.1342,0.2788,0.2144,0.0644,0.028772,10.6815,0.142588,10.6815,10.6815,0.0,1.523054,28.2136,4.732835,6.284661,27.86
288,22.3484,0.14564,0.0,0.116512,0.0,0.0,0.0,0.0,9.734,0.138358,9.734,9.734,0.0,1.346777,12.6144,1.837164,3.183941,43.56
289,14.656,0.1377,0.0,0.130815,0.0,0.0,0.0,0.0,7.6626,0.130815,7.6626,7.6626,0.0,1.002383,6.9934,0.962993,1.965376,52.28
290,14.6804,0.13897,0.1729,0.118125,0.1729,0.1729,0.0,0.020424,11.1581,0.132022,11.1581,11.1581,0.0,1.473115,3.3494,0.465471,1.959009,77.18
291,14.6909,0.13635,0.0,0.10908,0.0,0.0,0.0,0.0,11.9004,0.129532,11.9004,11.9004,0.0,1.541483,2.7905,0.380484,1.921966,81.01
292,15.352,0.13615,0.0,0.129342,0.0,0.0,0.0,0.0,8.2212,0.129342,8.2212,8.2212,0.0,1.063346,7.1308,0.970855,2.034202,53.55
293,22.9677,0.14262,0.0,0.121227,0.0,0.0,0.0,0.0,9.2094,0.114096,9.2094,7.0841,2.1253,0.808267,15.8836,2.26532,3.073587,30.84
294,38.6403,0.16041,0.6876,0.136348,0.6876,0.6876,0.0,0.093753,5.5955,0.152389,5.5955,5.5955,0.0,0.852693,32.3572,5.190423,6.136868,16.26
295,44.8211,0.16949,0.0,0.161016,0.0,0.0,0.0,0.0,4.7244,0.161016,4.7244,4.7244,0.0,0.760704,40.0967,6.795992,7.556696,10.54
296,41.6492,0.23908,1.156,0.227126,1.156,1.156,0.0,0.262558,5.1121,0.203218,5.1121,5.1121,0.0,1.038871,35.3811,8.458923,9.760352,15.05
297,34.1613,0.19737,0.5679,0.157896,0.5679,0.4369,0.131,0.068985,4.5184,0.187501,4.5184,4.5184,0.0,0.847205,29.206,5.764381,6.680571,14.51
298,41.6511,0.24248,119.1763,0.193984,41.6511,41.6511,0.0,8.079647,5.334,0.206108,0.0,0.0,0.0,0.0,0.0,0.0,8.079647,100.0
299,42.4237,0.22555,456.6789,0.18044,42.4237,42.4237,0.0,7.654932,5.8252,0.191717,0.0,0.0,0.0,0.0,0.0,1e-05,7.654942,100.0
300,41.7032,0.2189,906.4255,0.17512,41.7032,41.7032,0.0,7.303064,4.1595,0.186065,0.0,0.0,0.0,0.0,0.0,0.0,7.303064,100.0
301,34.1775,0.21153,562.0321,0.169224,34.1775,34.1775,0.0,5.783653,7.7736,0.179801,0.0,0.0,0.0,0.0,0.0,0.0,5.783653,100.0
302,34.1772,0.15176,243.3888,0.128996,34.1772,34.1772,0.0,4.408722,10.1835,0.128996,0.0,0.0,0.0,0.0,0.0,7e-06,4.408729,100.0
303,34.1651,0.15936,111.1786,0.135456,34.1651,34.1651,0.0,4.627868,15.056,0.135456,0.0,0.0,0.0,0.0,0.0,7e-06,4.627875,100.0
304,42.6508,0.17653,57.5234,0.150051,42.6508,42.6508,0.0,6.399795,23.8091,0.150051,0.0,0.0,0.0,0.0,0.0,6e-06,6.399801,100.0
305,45.8365,0.19528,21.0138,0.185516,19.4744,19.4744,0.0,3.612813,26.3621,0.165988,26.3621,26.3621,0.0,4.375792,0.0,1e-06,7.988606,100.0
306,45.8441,0.27533,14.5517,0.261564,14.5517,14.5517,0.0,3.806201,25.1641,0.234031,25.1641,25.1641,0.0,5.889179,6.1283,1.687301,11.382681,86.63
307,38.3418,0.27688,14.6185,0.263036,12.7748,12.7748,0.0,3.360232,25.567,0.235348,25.567,25.567,0.0,6.017142,0.0,4e-06,9.377379,100.0
308,38.3318,0.26529,7.385,0.252026,7.385,7.385,0.0,1.861212,26.354,0.225497,26.354,26.354,0.0,5.942748,4.5928,1.218432,9.022392,88.02
309,38.2933,0.26242,4.0158,0.209936,4.0158,3.0891,0.9267,0.648513,26.153,0.223057,26.153,26.153,0.0,5.83361,9.0512,2.375215,8.857338,76.36
310,38.288,0.18878,1.4703,0.160463,1.4703,1.4703,0.0,0.235929,27.0127,0.160463,27.0127,27.0127,0.0,4.334539,9.805,1.850997,6.421464,74.39
311,39.0981,0.17332,14.0615,0.147322,14.0615,14.0615,0.0,2.071568,26.4883,0.164654,25.0366,25.0366,0.0,4.122376,0.0,0.0,6.193945,100.0
312,22.3399,0.14681,4.433,0.117448,4.433,3.41,1.023,0.400498,39.914,0.124788,17.9069,17.9069,0.0,2.234566,1.023,0.150192,2.785256,95.42
313,14.6408,0.14296,0.0,0.135812,0.0,0.0,0.0,0.0,16.3951,0.135812,14.6408,14.6408,0.0,1.988396,0.0,5e-06,1.988401,100.0
314,14.6635,0.14149,0.0,0.120266,0.0,0.0,0.0,0.0,14.4935,0.134415,14.4935,14.4935,0.0,1.948144,0.17,0.024056,1.9722,98.84
315,14.6797,0.13621,1.7912,0.1294,1.7912,1.7912,0.0,0.231781,16.3671,0.1294,12.8885,12.8885,0.0,1.667772,0.0,4e-06,1.899557,100.0
316,14.8351,0.13639,0.0,0.109112,0.0,0.0,0.0,0.0,12.0706,0.129571,12.0706,12.0706,0.0,1.564,2.7645,0.377048,1.941048,81.37
317,22.4683,0.1369,0.0,0.116365,0.0,0.0,0.0,0.0,8.5238,0.130055,8.5238,8.5238,0.0,1.108563,13.9445,1.909004,3.017567,37.94
318,38.4425,0.16282,0.1463,0.130256,0.1463,0.1125,0.0338,0.014654,10.3417,0.138397,10.3417,10.3417,0.0,1.43126,27.9883,4.557059,6.002973,27.19
319,44.8406,0.17986,0.0,0.170867,0.0,0.0,0.0,0.0,10.7658,0.152881,10.7658,10.7658,0.0,1.645886,34.0748,6.128692,7.774578,24.01
320,41.6576,0.23976,3.7494,0.227772,3.7494,3.7494,0.0,0.854008,10.6821,0.203796,10.6821,10.6821,0.0,2.176969,27.2261,6.527721,9.558699,34.64
321,34.1707,0.19901,20.5486,0.169158,20.5486,20.5486,0.0,3.47596,13.2712,0.169158,13.2712,13.2712,0.0,2.24493,0.3509,0.069836,5.790726,98.97
322,41.6609,0.24109,16.887,0.229035,16.887,16.887,0.0,3.867714,5.785,0.204926,5.785,5.785,0.0,1.185497,18.9889,4.578034,9.631245,54.42
323,42.4277,0.21904,136.6277,0.175232,42.4277,42.4277,0.0,7.434691,6.0362,0.186184,0.0,0.0,0.0,0.0,0.0,6e-06,7.434696,100.0
324,41.7092,0.21632,1415.2839,0.173056,41.7092,41.7092,0.0,7.218027,3.1333,0.183872,0.0,0.0,0.0,0.0,0.0,0.0,7.218027,100.0
325,34.1819,0.21338,1365.8412,0.170704,34.1819,34.1819,0.0,5.834987,3.0165,0.181373,0.0,0.0,0.0,0.0,0.0,4e-06,5.834991,100.0
326,34.1808,0.15136,346.772,0.128656,34.1808,34.1808,0.0,4.397565,2.6063,0.143792,0.0,0.0,0.0,0.0,0.0,4e-06,4.397569,100.0
327,34.1692,0.15293,281.732,0.129991,34.1692,34.1692,0.0,4.441688,6.4127,0.145284,0.0,0.0,0.0,0.0,0.0,2e-06,4.441691,100.0
328,42.6557,0.17411,70.0109,0.147993,42.6557,42.6557,0.0,6.312745,3.9617,0.165404,0.0,0.0,0.0,0.0,0.0,7e-06,6.312752,100.0
329,45.8376,0.20714,20.177,0.196783,20.177,20.177,0.0,3.970491,3.8556,0.196783,3.8556,3.8556,0.0,0.758717,21.805,4.516681,9.245889,52.43
330,45.8433,0.3079,13.4264,0.292505,13.4264,13.4264,0.0,3.927289,24.0616,0.261715,24.0616,24.0616,0.0,6.297282,8.3553,2.572607,12.797178,81.77
331,38.4861,0.30913,2.0855,0.262761,2.0855,2.0855,0.0,0.547988,15.1807,0.262761,15.1807,15.1807,0.0,3.988896,21.2199,6.559705,11.096588,44.86
332,38.4654,0.28107,2.0717,0.267016,2.0717,2.0717,0.0,0.553177,18.9671,0.238909,18.9671,18.9671,0.0,4.531411,17.4266,4.898082,9.98267,54.7
333,38.395,0.26568,1.323,0.225828,1.323,1.323,0.0,0.29877,22.279,0.225828,22.279,22.279,0.0,5.031222,14.793,3.930194,9.260187,61.47
334,38.2858,0.19698,0.2663,0.167433,0.2663,0.2663,0.0,0.044587,22.5147,0.187131,22.5147,22.5147,0.0,4.213198,15.5048,3.054128,7.311914,59.5
335,39.0955,0.19097,0.0,0.152776,0.0,0.0,0.0,0.0,22.2527,0.181421,22.2527,22.2527,0.0,4.037107,16.8428,3.216476,7.253583,56.92
336,22.336,0.15672,0.0,0.148884,0.0,0.0,0.0,0.0,41.6565,0.133212,22.336,22.336,0.0,2.975423,0.0,6e-06,2.975429,100.0
337,14.6318,0.14608,0.0,0.116864,0.0,0.0,0.0,0.0,41.2103,0.124168,14.6318,14.6318,0.0,1.816801,0.0,4e-06,1.816805,100.0
338,14.6503,0.14265,0.0,0.121252,0.0,0.0,0.0,0.0,44.272,0.121252,14.6503,14.6503,0.0,1.776378,0.0,0.0,1.776378,100.0
339,14.6625,0.13952,0.0,0.132544,0.0,0.0,0.0,0.0,46.3445,0.118592,14.6625,14.6625,0.0,1.738855,0.0,3e-06,1.738858,100.0
340,14.8128,0.13936,0.0,0.111488,0.0,0.0,0.0,0.0,50.8905,0.118456,14.8128,14.8128,0.0,1.754665,0.0,2e-06,1.754667,100.0
341,22.448,0.13884,0.0,0.118014,0.0,0.0,0.0,0.0,37.5478,0.118014,22.448,22.448,0.0,2.649178,0.0,0.0,2.649178,100.0
342,38.4054,0.15877,0.0,0.134955,0.0,0.0,0.0,0.0,29.777,0.150831,29.777,29.777,0.0,4.491295,8.6284,1.369925,5.86122,77.53
343,44.8078,0.19479,1.6249,0.18505,1.6249,1.6249,0.0,0.300688,23.9984,0.18505,23.9984,23.9984,0.0,4.440904,19.1845,3.736943,8.478535,57.18
344,41.6382,0.28971,9.0188,0.231768,9.0188,6.9375,2.0813,1.607891,36.1498,0.246254,32.6194,32.6194,0.0,8.032658,2.0813,0.602974,10.243523,95.0
345,34.1514,0.20827,1.7731,0.197856,1.7731,1.7731,0.0,0.350818,30.4648,0.17703,30.4648,30.4648,0.0,5.393184,1.9135,0.398532,6.142534,94.4
346,41.6534,0.24928,15.5305,0.236816,15.5305,15.5305,0.0,3.677871,11.0479,0.211888,11.0479,11.0479,0.0,2.340917,15.075,3.757884,9.776672,63.81
347,42.4222,0.24134,44.8582,0.193072,42.4222,34.5063,7.9159,6.6622,13.3047,0.205139,0.0,0.0,0.0,0.0,7.9159,1.910434,8.572634,81.34
348,41.7013,0.23168,1080.7893,0.185344,41.7013,41.7013,0.0,7.729086,11.9147,0.196928,0.0,0.0,0.0,0.0,0.0,6e-06,7.729092,100.0
349,34.1768,0.22724,1419.5513,0.181792,34.1768,34.1768,0.0,6.213069,11.2798,0.193154,0.0,0.0,0.0,0.0,0.0,0.0,6.213069,100.0
350,34.1801,0.15632,214.4536,0.132872,34.1801,34.1801,0.0,4.541578,12.8618,0.132872,0.0,0.0,0.0,0.0,0.0,1e-06,4.541579,100.0
351,34.1673,0.15962,166.7511,0.135677,34.1673,34.1673,0.0,4.635717,13.1846,0.135677,0.0,0.0,0.0,0.0,0.0,0.0,4.635717,100.0
352,42.6585,0.17858,28.9378,0.151793,28.9378,28.9378,0.0,4.392555,16.1229,0.151793,13.7207,13.7207,0.0,2.082706,0.0,4e-06,6.475266,100.0
353,45.8403,0.18675,0.9538,0.158738,0.9538,0.9538,0.0,0.151404,18.7415,0.158738,18.7415,18.7415,0.0,2.974988,26.145,4.882578,8.00897,42.97
354,45.8452,0.28195,0.0,0.22556,0.0,0.0,0.0,0.0,21.0231,0.239657,21.0231,21.0231,0.0,5.038333,24.8221,6.998594,12.036927,45.86
355,38.4869,0.2962,1.2735,0.25177,1.2735,1.2735,0.0,0.320629,25.8016,0.25177,25.8016,25.8016,0.0,6.496069,11.4118,3.380163,10.196861,70.35
356,38.4677,0.28417,0.3006,0.269961,0.3006,0.3006,0.0,0.08115,30.4734,0.241544,30.4734,30.4734,0.0,7.360667,7.6937,2.186308,9.628125,80.0
357,38.397,0.26361,0.0,0.224069,0.0,0.0,0.0,0.0,35.8803,0.224069,35.8803,35.8803,0.0,8.039663,2.5167,0.663433,8.703096,93.45
358,38.2877,0.18451,0.0,0.175285,0.0,0.0,0.0,0.0,27.4153,0.175285,27.4153,27.4153,0.0,4.805491,10.8724,2.006061,6.811552,71.6
359,39.0973,0.16843,0.0,0.134744,0.0,0.0,0.0,0.0,25.4658,0.160008,25.4658,25.4658,0.0,4.074732,13.6315,2.295954,6.370686,65.13
360,22.3392,0.15065,0.0,0.143118,0.0,0.0,0.0,0.0,49.6493,0.128053,22.3392,22.3392,0.0,2.860602,0.0,4e-06,2.860606,100.0
361,14.6418,0.1453,0.0,0.11624,0.0,0.0,0.0,0.0,61.8189,0.123505,14.6418,14.6418,0.0,1.808336,0.0,2e-06,1.808337,100.0
362,14.6625,0.14193,0.0,0.12064,0.0,0.0,0.0,0.0,69.9401,0.12064,14.6625,14.6625,0.0,1.768884,0.0,2e-06,1.768886,100.0
363,14.6755,0.13265,0.0,0.126017,0.0,0.0,0.0,0.0,74.5924,0.112752,14.6755,14.6755,0.0,1.654692,0.0,0.0,1.654692,100.0
364,14.8264,0.13274,0.0,0.106192,0.0,0.0,0.0,0.0,77.5758,0.112829,14.8264,14.8264,0.0,1.672848,0.0,6e-06,1.672853,100.0
365,22.4552,0.14258,0.0,0.121193,0.0,0.0,0.0,0.0,76.1431,0.121193,22.4552,22.4552,0.0,2.721413,0.0,0.0,2.721413,100.0
366,38.4111,0.15527,0.1118,0.131979,0.1118,0.1118,0.0,0.014755,50.4463,0.147506,38.2993,38.2993,0.0,5.649377,0.0,3e-06,5.664134,100.0
367,44.8156,0.17304,0.2301,0.147084,0.2301,0.2301,0.0,0.033844,36.3519,0.164388,36.3519,36.3519,0.0,5.975816,8.2336,1.424744,7.434404,81.63
368,41.6443,0.26055,0.0,0.20844,0.0,0.0,0.0,0.0,44.3422,0.221467,41.6443,41.6443,0.0,9.222838,0.0,0.0,9.222838,100.0
369,34.1563,0.20511,0.0754,0.194854,0.0754,0.0754,0.0,0.014692,29.1026,0.174343,29.1026,29.1026,0.0,5.073835,4.9783,1.021097,6.109623,85.42
370,41.6588,0.23985,0.4018,0.203873,0.4018,0.4018,0.0,0.081916,46.6548,0.203873,41.257,41.257,0.0,8.411188,0.0,0.0,8.493105,100.0
371,42.4274,0.22198,308.5794,0.177584,42.4274,42.4274,0.0,7.534427,38.2138,0.188683,0.0,0.0,0.0,0.0,0.0,0.0,7.534427,100.0
372,41.7077,0.22403,484.5929,0.179224,41.7077,41.7077,0.0,7.475021,30.6601,0.190425,0.0,0.0,0.0,0.0,0.0,0.0,7.475021,100.0
373,34.1855,0.227,380.1986,0.1816,34.1855,34.1855,0.0,6.208087,24.5179,0.19295,0.0,0.0,0.0,0.0,0.0,0.0,6.208087,100.0
374,34.1846,0.15566,217.9439,0.132311,34.1846,34.1846,0.0,4.522999,13.8409,0.132311,0.0,0.0,0.0,0.0,0.0,7e-06,4.523006,100.0
375,34.1717,0.16131,41.9281,0.137113,34.1717,34.1717,0.0,4.685384,16.5178,0.137113,0.0,0.0,0.0,0.0,0.0,8e-06,4.685392,100.0
376,42.6639,0.16198,2.303,0.153881,2.303,2.303,0.0,0.354388,18.725,0.137683,18.725,18.725,0.0,2.578114,21.6359,3.504589,6.437091,49.29
377,45.8436,0.19385,0.2129,0.184157,0.2129,0.2129,0.0,0.039207,19.174,0.164772,19.174,19.174,0.0,3.159338,26.4567,5.12864,8.327185,42.29
378,45.8488,0.30512,0.0,0.244096,0.0,0.0,0.0,0.0,17.3788,0.259352,17.3788,17.3788,0.0,4.507227,28.47,8.686773,13.194,37.9
379,38.4929,0.30017,0.0,0.285161,0.0,0.0,0.0,0.0,26.7678,0.255144,26.7678,26.7678,0.0,6.829644,11.7251,3.51951,10.349154,69.54
380,38.4739,0.27631,1.4494,0.221048,1.4494,1.1149,0.3345,0.246446,38.3302,0.234864,37.0245,37.0245,0.0,8.695722,0.3345,0.092414,9.034583,99.13
381,38.4032,0.26356,0.0456,0.224026,0.0456,0.0456,0.0,0.010216,26.7603,0.224026,26.7603,26.7603,0.0,5.995003,11.5973,3.05659,9.061809,69.8
382,38.2921,0.18422,0.013,0.147376,0.013,0.01,0.003,0.001474,22.2763,0.175009,22.2763,22.2763,0.0,3.898553,16.0058,2.948584,6.848611,58.2
383,39.1001,0.17157,0.0,0.162991,0.0,0.0,0.0,0.0,27.0031,0.145835,27.0031,27.0031,0.0,3.937997,12.097,2.075483,6.01348,69.06
384,22.3416,0.14827,0.0,0.140856,0.0,0.0,0.0,0.0,18.6183,0.140856,18.6183,18.6183,0.0,2.622499,3.7233,0.552061,3.17456,83.33
385,14.6487,0.14583,0.0,0.116664,0.0,0.0,0.0,0.0,33.326,0.123955,14.6487,14.6487,0.0,1.81578,0.0,0.0,1.81578,100.0
386,14.6724,0.14314,0.0,0.121669,0.0,0.0,0.0,0.0,17.3033,0.135983,14.6724,14.6724,0.0,1.995197,0.0,0.0,1.995197,100.0
387,14.6865,0.13978,0.0,0.132791,0.0,0.0,0.0,0.0,15.0323,0.132791,14.6865,14.6865,0.0,1.950235,0.0,0.0,1.950235,100.0
388,15.353,0.13984,0.0,0.111872,0.0,0.0,0.0,0.0,31.7865,0.118864,15.353,15.353,0.0,1.824919,0.0,4e-06,1.824923,100.0
389,22.9724,0.14254,0.0,0.121159,0.0,0.0,0.0,0.0,15.8325,0.135413,15.8325,15.8325,0.0,2.143926,7.1399,1.017724,3.16165,68.92
390,38.6546,0.16109,0.0,0.136927,0.0,0.0,0.0,0.0,19.89,0.136927,19.89,19.89,0.0,2.723478,18.7646,3.022789,5.746267,51.46
391,44.8418,0.17535,0.0,0.14028,0.0,0.0,0.0,0.0,22.4865,0.149047,22.4865,22.4865,0.0,3.351545,22.3553,3.92001,7.271556,50.15
392,41.6661,0.25766,0.0848,0.244777,0.0848,0.0848,0.0,0.020757,24.8634,0.219011,24.8634,24.8634,0.0,5.445358,16.7179,4.307539,9.773654,59.88
393,34.1761,0.2039,0.0,0.16312,0.0,0.0,0.0,0.0,28.0319,0.173315,28.0319,28.0319,0.0,4.858349,6.1442,1.252798,6.111146,82.02
394,41.6726,0.23839,1.2658,0.202631,1.2658,1.2658,0.0,0.25649,30.2684,0.202631,30.2684,30.2684,0.0,6.133316,10.1384,2.416891,8.806698,75.67
395,42.4375,0.2225,579.8167,0.178,42.4375,42.4375,0.0,7.553875,33.2749,0.189125,0.0,0.0,0.0,0.0,0.0,5e-06,7.55388,100.0
396,41.7192,0.2232,811.0246,0.17856,41.7192,41.7192,0.0,7.44938,35.0809,0.18972,0.0,0.0,0.0,0.0,0.0,0.0,7.44938,100.0
397,34.1956,0.21251,946.3097,0.170008,34.1956,34.1956,0.0,5.813526,41.3178,0.180634,0.0,0.0,0.0,0.0,0.0,5e-06,5.813531,100.0
398,34.1937,0.1441,556.5692,0.122485,34.1937,34.1937,0.0,4.188215,28.1236,0.136895,0.0,0.0,0.0,0.0,0.0,0.0,4.188215,100.0
399,34.1717,0.15569,432.7878,0.132336,34.1717,34.1717,0.0,4.522146,27.3827,0.147905,0.0,0.0,0.0,0.0,0.0,0.0,4.522146,100.0
400,42.6588,0.15954,68.7265,0.135609,42.6588,42.6588,0.0,5.784917,32.7558,0.151563,0.0,0.0,0.0,0.0,0.0,1e-06,5.784918,100.0
401,45.8419,0.1906,0.8805,0.16201,0.8805,0.8805,0.0,0.14265,49.1045,0.16201,44.9614,44.9614,0.0,7.284196,0.0,3e-06,7.426849,100.0
402,45.8476,0.29478,0.0579,0.280041,0.0579,0.0579,0.0,0.016214,41.9269,0.280041,41.9269,41.9269,0.0,11.741251,3.8628,1.138668,12.896133,91.57
403,38.3457,0.29371,1.4319,0.279025,0.0,0.0,0.0,0.0,59.4145,0.249654,38.3457,38.3457,0.0,9.573157,0.0,0.0,9.573157,100.0
404,38.3331,0.27398,2.2928,0.232883,2.2928,2.2928,0.0,0.533954,60.1234,0.232883,36.0403,36.0403,0.0,8.393173,0.0,3e-06,8.92713,100.0
405,38.2917,0.26913,0.429,0.215304,0.429,0.33,0.099,0.07105,63.021,0.22876,37.8627,37.8627,0.0,8.661471,0.099,0.026648,8.75917,99.74
406,38.2844,0.18863,0.1391,0.179198,0.1391,0.1391,0.0,0.024926,42.5417,0.179198,38.1453,38.1453,0.0,6.835561,0.0,1e-06,6.860488,100.0
407,39.0926,0.18664,0.0,0.158644,0.0,0.0,0.0,0.0,40.8361,0.177308,39.0926,39.0926,0.0,6.931431,0.0,0.0,6.931431,100.0
408,22.331,0.16101,0.0,0.152959,0.0,0.0,0.0,0.0,63.4413,0.136858,22.331,22.331,0.0,3.056176,0.0,0.0,3.056176,100.0
409,14.6249,0.15763,0.0,0.126104,0.0,0.0,0.0,0.0,45.887,0.133985,14.6249,14.6249,0.0,1.959517,0.0,2e-06,1.95952,100.0
410,14.6412,0.16022,0.0,0.136187,0.0,0.0,0.0,0.0,46.1666,0.136187,14.6412,14.6412,0.0,1.993941,0.0,4e-06,1.993945,100.0
411,14.6504,0.15237,0.0,0.144752,0.0,0.0,0.0,0.0,43.5596,0.129515,14.6504,14.6504,0.0,1.897447,0.0,2e-06,1.897449,100.0
412,14.7984,0.14428,0.0,0.115424,0.0,0.0,0.0,0.0,40.8823,0.122638,14.7984,14.7984,0.0,1.814846,0.0,4e-06,1.81485,100.0
413,22.4351,0.14773,0.0,0.125571,0.0,0.0,0.0,0.0,41.3479,0.125571,22.4351,22.4351,0.0,2.817198,0.0,6e-06,2.817204,100.0
414,38.3968,0.14657,0.4424,0.117256,0.4424,0.3403,0.1021,0.039902,28.9065,0.139241,28.9065,28.9065,0.0,4.02497,9.15,1.341109,5.405981,76.17
415,44.8067,0.15907,0.0,0.151116,0.0,0.0,0.0,0.0,23.632,0.151116,23.632,23.632,0.0,3.571173,21.1747,3.368254,6.939428,52.74
416,41.6357,0.17047,0.0,0.136376,0.0,0.0,0.0,0.0,21.0133,0.161946,21.0133,21.0133,0.0,3.40302,20.6224,3.515496,6.918516,50.47
417,34.1477,0.16877,0.09,0.143455,0.09,0.09,0.0,0.012911,22.9224,0.143455,22.9224,22.9224,0.0,3.288333,11.1353,1.879311,5.180554,67.39
418,41.6373,0.15297,1.7319,0.145321,1.7319,1.7319,0.0,0.251681,14.9625,0.130024,14.9625,14.9625,0.0,1.945484,24.9429,3.815522,6.012688,40.09
419,42.4092,0.12795,16.657,0.108758,16.657,16.657,0.0,1.811582,10.3741,0.108758,10.3741,10.3741,0.0,1.128266,15.3781,1.967631,4.90748,63.74
420,41.6871,0.1304,32.3736,0.11084,32.3736,32.3736,0.0,3.58829,4.7775,0.12388,4.7775,4.7775,0.0,0.591837,4.536,0.59149,4.771616,89.12
421,34.1638,0.13017,196.1118,0.110645,34.1638,34.1638,0.0,3.780054,5.4428,0.123662,0.0,0.0,0.0,0.0,0.0,6e-06,3.78006,100.0
422,34.1648,0.13093,210.6692,0.11129,34.1648,34.1648,0.0,3.802201,4.7946,0.124383,0.0,0.0,0.0,0.0,0.0,0.0,3.802201,100.0
423,34.1526,0.13429,139.4621,0.114146,34.1526,34.1526,0.0,3.898383,14.526,0.114146,0.0,0.0,0.0,0.0,0.0,6e-06,3.898389,100.0
424,42.6368,0.14303,7.9998,0.121575,7.9998,7.9998,0.0,0.972576,5.1462,0.135878,5.1462,5.1462,0.0,0.699255,29.4908,4.218063,5.889894,30.83
425,45.8206,0.17045,0.7508,0.13636,0.7508,0.5775,0.1733,0.078748,9.6272,0.13636,9.6272,7.4055,2.2217,1.009814,37.8376,6.449426,7.537988,17.42
426,45.8273,0.19379,2.1185,0.164721,2.1185,2.1185,0.0,0.348961,9.2548,0.155032,9.2548,7.1191,2.1357,1.103688,36.5897,7.090708,8.543358,20.16
427,38.4709,0.19396,0.3117,0.155168,0.3117,0.2397,0.072,0.037194,6.6213,0.184262,6.6213,6.6213,0.0,1.220054,31.6099,6.131048,7.388296,17.83
428,38.4525,0.18,0.2397,0.153,0.2397,0.2397,0.0,0.036674,22.5885,0.153,22.5885,22.5885,0.0,3.45604,15.6243,2.812379,6.305093,59.37
429,38.3833,0.17532,0.0,0.166554,0.0,0.0,0.0,0.0,10.4593,0.149022,10.4593,10.4593,0.0,1.558666,27.924,4.895641,6.454307,27.25
430,38.2746,0.17392,0.0095,0.139136,0.0095,0.0073,0.0022,0.001016,22.6601,0.147832,22.6601,22.6601,0.0,3.349888,15.6072,2.714404,6.065308,59.22
431,39.085,0.16962,0.0,0.144177,0.0,0.0,0.0,0.0,17.1133,0.144177,17.1133,17.1133,0.0,2.467344,21.9717,3.726831,6.194176,43.78
432,22.3229,0.16408,0.0,0.155876,0.0,0.0,0.0,0.0,12.5769,0.131264,12.5769,9.6746,2.9023,1.269927,12.6483,2.075341,3.345268,43.34
433,14.6076,0.15797,0.0,0.126376,0.0,0.0,0.0,0.0,10.5518,0.126376,10.5518,8.1167,2.4351,1.025756,6.4909,1.025368,2.051124,55.56
434,14.6218,0.15737,0.0,0.133765,0.0,0.0,0.0,0.0,7.5142,0.149502,7.5142,7.5142,0.0,1.123388,7.1076,1.118519,2.241907,51.39
435,14.6343,0.15631,0.0,0.148495,0.0,0.0,0.0,0.0,8.6914,0.148495,8.6914,8.6914,0.0,1.290629,5.9429,0.928934,2.219563,59.39
436,14.785,0.15547,0.0,0.124376,0.0,0.0,0.0,0.0,8.7549,0.147696,8.7549,8.7549,0.0,1.293064,6.0301,0.937498,2.230562,59.21
437,22.4279,0.15488,0.0,0.131648,0.0,0.0,0.0,0.0,9.4857,0.147136,9.4857,9.4857,0.0,1.395688,12.9422,2.004488,3.400176,42.29
438,38.3937,0.15568,0.0,0.147896,0.0,0.0,0.0,0.0,20.855,0.132328,20.855,20.855,0.0,2.7597,17.5387,2.730431,5.490132,54.32
439,44.8046,0.15604,0.0,0.124832,0.0,0.0,0.0,0.0,14.528,0.132634,14.528,14.528,0.0,1.926907,30.2766,4.72436,6.651266,32.43
440,41.6341,0.15257,0.4928,0.129685,0.4928,0.4928,0.0,0.063909,21.7068,0.129685,21.7068,21.7068,0.0,2.815046,19.4345,2.965123,5.844078,53.32
441,34.1463,0.15897,0.2485,0.151022,0.2485,0.2485,0.0,0.037529,24.9581,0.151022,24.9581,24.9581,0.0,3.769222,8.9397,1.421137,5.227889,73.82
442,41.6366,0.12781,2.0545,0.102248,2.0545,1.5804,0.4741,0.161593,17.1838,0.108638,17.1838,17.1838,0.0,1.866814,22.8724,2.923323,4.951729,45.07
443,42.4079,0.12672,188.5475,0.107712,42.4079,42.4079,0.0,4.56784,21.2898,0.107712,0.0,0.0,0.0,0.0,0.0,1e-06,4.567841,100.0
444,41.6854,0.12212,536.6648,0.103802,41.6854,41.6854,0.0,4.327028,18.5964,0.103802,0.0,0.0,0.0,0.0,0.0,4e-06,4.327032,100.0
445,34.1627,0.12648,546.4794,0.107508,34.1627,34.1627,0.0,3.672764,14.8214,0.107508,0.0,0.0,0.0,0.0,0.0,6e-06,3.67277,100.0
446,34.1649,0.1262,208.6175,0.10727,34.1649,34.1649,0.0,3.664869,13.861,0.10727,0.0,0.0,0.0,0.0,0.0,0.0,3.664869,100.0
447,34.1533,0.13054,88.027,0.110959,34.1533,34.1533,0.0,3.789616,12.5032,0.110959,0.0,0.0,0.0,0.0,0.0,4e-06,3.78962,100.0
448,42.639,0.1419,2.5656,0.120615,2.5656,2.5656,0.0,0.30945,10.4998,0.120615,10.4998,10.4998,0.0,1.266433,29.5736,4.196491,5.772374,30.64
449,45.8225,0.16833,0.9917,0.159913,0.9917,0.9917,0.0,0.158586,11.383,0.134664,11.383,8.7561,2.6269,1.179131,36.0747,6.072461,7.410179,21.27
450,45.83,0.19025,0.0,0.1522,0.0,0.0,0.0,0.0,21.8325,0.161713,21.8325,21.8325,0.0,3.530599,23.9975,4.565526,8.096125,47.64
451,38.4736,0.18632,2.9927,0.177004,2.9927,2.9927,0.0,0.52972,14.7253,0.158372,14.7253,14.7253,0.0,2.332075,20.7556,3.867177,6.728972,46.05
452,38.4557,0.17958,5.1247,0.152643,5.1247,5.1247,0.0,0.78225,13.7078,0.152643,13.7078,13.7078,0.0,2.0924,19.6232,3.523941,6.39859,48.97
453,38.3871,0.18133,0.3647,0.145064,0.3647,0.2806,0.0841,0.040705,16.4051,0.15413,16.4051,16.4051,0.0,2.528518,21.7014,3.935111,6.504334,43.47
454,38.279,0.16766,0.2612,0.159277,0.2612,0.2612,0.0,0.041603,16.3935,0.142511,16.3935,16.3935,0.0,2.336254,21.6243,3.625524,6.003381,43.51
455,39.0892,0.15056,0.2422,0.127976,0.2422,0.2422,0.0,0.030996,18.9551,0.127976,18.9551,18.9551,0.0,2.425798,19.8919,2.994926,5.45172,49.11
456,22.3289,0.14266,0.0058,0.135527,0.0058,0.0058,0.0,0.000786,19.6547,0.135527,19.6547,19.6547,0.0,2.663743,2.6684,0.380668,3.045197,88.05
457,14.6178,0.14092,0.0,0.112736,0.0,0.0,0.0,0.0,16.5781,0.133874,14.6178,14.6178,0.0,1.956943,0.0,2e-06,1.956945,100.0
458,14.6342,0.13962,0.0,0.132639,0.0,0.0,0.0,0.0,8.9137,0.132639,8.9137,8.9137,0.0,1.182304,5.7205,0.798698,1.981002,60.91
459,14.6476,0.13763,0.0,0.116985,0.0,0.0,0.0,0.0,9.6932,0.130748,9.6932,9.6932,0.0,1.267367,4.9544,0.681872,1.949238,66.18
460,15.315,0.13822,0.0,0.110576,0.0,0.0,0.0,0.0,8.5623,0.131309,8.5623,8.5623,0.0,1.124307,6.7527,0.933361,2.057668,55.91
461,22.9516,0.13791,0.0,0.131015,0.0,0.0,0.0,0.0,18.264,0.131015,18.264,18.264,0.0,2.392858,4.6876,0.646473,3.039331,79.58
462,38.6291,0.16153,0.5961,0.129224,0.5961,0.4585,0.1376,0.059249,24.2527,0.1373,24.2527,24.2527,0.0,3.329896,13.9179,2.248158,5.637303,63.97
463,44.8113,0.17423,0.7241,0.165518,0.7241,0.7241,0.0,0.119852,20.8377,0.148095,20.8377,20.8377,0.0,3.085959,23.2495,4.050767,7.256578,48.12
464,41.6395,0.20038,4.2507,0.170323,4.2507,4.2507,0.0,0.723992,29.8189,0.170323,29.8189,29.8189,0.0,5.078845,7.5699,1.516857,7.319694,81.82
465,34.1532,0.19994,8.3244,0.169949,8.3244,8.3244,0.0,1.414723,28.9892,0.169949,25.8288,25.8288,0.0,4.389579,0.0,6e-06,5.804308,100.0
466,41.6447,0.26348,2.7672,0.250306,2.7672,2.7672,0.0,0.692647,23.7704,0.223958,23.7704,23.7704,0.0,5.323571,15.1071,3.98042,9.996638,63.72
467,42.4177,0.26861,270.8101,0.214888,42.4177,42.4177,0.0,9.115055,21.6013,0.228319,0.0,0.0,0.0,0.0,0.0,1.2e-05,9.115066,100.0
468,41.699,0.26482,1585.6912,0.211856,41.699,41.699,0.0,8.834183,24.4454,0.225097,0.0,0.0,0.0,0.0,0.0,0.0,8.834183,100.0
469,34.1726,0.26273,1439.8139,0.210184,34.1726,34.1726,0.0,7.182534,21.4422,0.223321,0.0,0.0,0.0,0.0,0.0,0.0,7.182534,100.0
470,34.1723,0.19808,599.4546,0.168368,34.1723,34.1723,0.0,5.753522,23.6195,0.188176,0.0,0.0,0.0,0.0,0.0,0.0,5.753522,100.0
471,34.1597,0.19987,375.6789,0.169889,34.1597,34.1597,0.0,5.803357,23.3854,0.169889,0.0,0.0,0.0,0.0,0.0,0.0,5.803357,100.0
472,42.6487,0.19851,47.239,0.168733,42.6487,42.6487,0.0,7.196243,21.4055,0.168733,0.0,0.0,0.0,0.0,0.0,2e-06,7.196245,100.0
473,45.8312,0.19769,0.0,0.168037,0.0,0.0,0.0,0.0,24.8702,0.168037,24.8702,24.8702,0.0,4.179114,20.961,4.143776,8.32289,54.26
474,45.8412,0.26691,0.0978,0.213528,0.0978,0.0753,0.0225,0.016079,26.6272,0.253564,26.6272,26.6272,0.0,6.751699,19.1387,5.108302,11.87608,58.25
475,38.3402,0.27185,6.4283,0.21748,6.4283,4.9448,1.4835,1.075395,31.3437,0.231072,31.3437,31.3437,0.0,7.242651,2.0517,0.557743,8.875789,94.65
476,38.3315,0.28033,0.1267,0.238281,0.1267,0.1267,0.0,0.03019,35.0749,0.238281,35.0749,35.0749,0.0,8.357682,3.1299,0.877398,9.26527,91.83
477,38.2922,0.28675,0.1696,0.272413,0.1696,0.1696,0.0,0.046201,18.5244,0.243737,18.5244,18.5244,0.0,4.515082,19.5982,5.619792,10.181075,48.82
478,38.2857,0.20253,0.0425,0.17215,0.0425,0.0425,0.0,0.007316,15.5176,0.17215,15.5176,15.5176,0.0,2.671355,22.7256,4.602607,7.281279,40.64
479,39.0955,0.18695,0.0,0.158908,0.0,0.0,0.0,0.0,16.5816,0.158908,16.5816,16.5816,0.0,2.634949,22.5139,4.208972,6.843921,42.41
480,22.3364,0.1618,0.0,0.13753,0.0,0.0,0.0,0.0,35.8807,0.13753,22.3364,22.3364,0.0,3.071925,0.0,0.0,3.071925,100.0
481,14.6358,0.15653,0.0,0.125224,0.0,0.0,0.0,0.0,9.8942,0.148703,9.8942,9.8942,0.0,1.471297,4.7416,0.742201,2.213498,67.6
482,14.657,0.15011,0.0,0.142604,0.0,0.0,0.0,0.0,15.5995,0.142604,14.657,14.657,0.0,2.090147,0.0,0.0,2.090147,100.0
483,14.671,0.13937,0.0,0.118464,0.0,0.0,0.0,0.0,9.9378,0.111496,9.9378,7.6444,2.2934,0.85232,7.0266,0.979302,1.831622,52.11
484,14.8231,0.13761,0.0,0.110088,0.0,0.0,0.0,0.0,9.1757,0.110088,9.1757,7.0582,2.1175,0.777023,7.7649,1.068531,1.845554,47.62
485,22.4554,0.14558,0.0,0.138301,0.0,0.0,0.0,0.0,7.5551,0.138301,7.5551,7.5551,0.0,1.044878,14.9003,2.169191,3.214069,33.64
486,38.4138,0.16282,0.0,0.130256,0.0,0.0,0.0,0.0,4.9221,0.154679,4.9221,4.9221,0.0,0.761346,33.4917,5.453122,6.214468,12.81
487,44.8232,0.16928,0.0,0.160816,0.0,0.0,0.0,0.0,11.3829,0.143888,11.3829,11.3829,0.0,1.637863,33.4403,5.660773,7.298636,25.4
488,41.6551,0.20791,0.0,0.166328,0.0,0.0,0.0,0.0,9.0154,0.176724,9.0154,9.0154,0.0,1.593238,32.6397,6.786115,8.379353,21.64
489,34.1744,0.20295,0.1701,0.192802,0.1701,0.1701,0.0,0.032796,9.0841,0.172507,9.0841,9.0841,0.0,1.567071,24.9202,5.057553,6.65742,27.08
490,41.6721,0.25905,3.0866,0.220192,3.0866,3.0866,0.0,0.679645,9.8461,0.220192,9.8461,9.8461,0.0,2.168032,28.7394,7.444941,10.292619,31.03
491,42.4338,0.25712,100.0373,0.205696,42.4338,42.4338,0.0,8.728463,12.5262,0.218552,0.0,0.0,0.0,0.0,0.0,1e-05,8.728473,100.0
492,41.7069,0.25372,115.7996,0.202976,41.7069,41.7069,0.0,8.4655,11.9234,0.215662,0.0,0.0,0.0,0.0,0.0,3e-06,8.465503,100.0
493,34.1781,0.25048,96.2457,0.200384,34.1781,34.1781,0.0,6.848744,10.4138,0.212908,0.0,0.0,0.0,0.0,0.0,9e-06,6.848754,100.0
494,34.1776,0.17912,108.7797,0.152252,34.1776,34.1776,0.0,5.203608,6.8825,0.170164,0.0,0.0,0.0,0.0,0.0,8e-06,5.203616,100.0
495,34.1647,0.17717,43.0004,0.150594,34.1647,34.1647,0.0,5.144999,11.9371,0.150594,0.0,0.0,0.0,0.0,0.0,0.0,5.144999,100.0
496,42.6463,0.18972,3.5974,0.161262,3.5974,3.5974,0.0,0.580124,5.8086,0.180234,5.8086,5.8086,0.0,1.046907,33.2403,6.306342,7.933373,22.06
497,45.8274,0.1919,0.0711,0.182305,0.0711,0.0711,0.0,0.012962,8.9398,0.15352,8.9398,6.8768,2.063,1.055726,38.8795,7.460978,8.529666,15.16
498,45.8317,0.26212,0.1739,0.249014,0.1739,0.1739,0.0,0.043304,5.813,0.249014,5.813,5.813,0.0,1.447518,39.8448,10.444129,11.934951,13.06
499,38.4742,0.27825,1.2067,0.264338,1.2067,1.2067,0.0,0.318977,11.9779,0.236512,11.9779,11.9779,0.0,2.832917,25.2896,7.036838,10.188732,34.27
